ISO-10303-21;
HEADER;
/* Generated by software containing ST-Developer
 * from STEP Tools, Inc. (www.steptools.com) 
 */

FILE_DESCRIPTION(
/* description */ (''),
/* implementation_level */ '2;1');

FILE_NAME(
/* name */ 'hackpad (case).step',
/* time_stamp */ '2026-03-22T20:16:57+01:00',
/* author */ (''),
/* organization */ (''),
/* preprocessor_version */ 'ST-DEVELOPER v20.1',
/* originating_system */ 'Autodesk Translation Framework v14.24.0.0',
/* authorisation */ '');

FILE_SCHEMA (('AUTOMOTIVE_DESIGN { 1 0 10303 214 3 1 1 }'));
ENDSEC;

DATA;
#10=MECHANICAL_DESIGN_GEOMETRIC_PRESENTATION_REPRESENTATION('',(#13,#14),
#2648);
#11=SHAPE_REPRESENTATION_RELATIONSHIP('SRR','None',#2654,#12);
#12=ADVANCED_BREP_SHAPE_REPRESENTATION('',(#15,#16),#2647);
#13=STYLED_ITEM('',(#2663),#15);
#14=STYLED_ITEM('',(#2663),#16);
#15=MANIFOLD_SOLID_BREP('Body9',#1651);
#16=MANIFOLD_SOLID_BREP('Body11',#1652);
#17=CIRCLE('',#1664,2.5);
#18=CIRCLE('',#1665,2.5);
#19=CIRCLE('',#1667,6.81068706241029);
#20=CIRCLE('',#1668,0.750000000000004);
#21=CIRCLE('',#1670,2.5);
#22=CIRCLE('',#1671,2.5);
#23=CIRCLE('',#1672,2.5);
#24=CIRCLE('',#1674,2.5);
#25=CIRCLE('',#1676,0.750000000000004);
#26=CIRCLE('',#1677,6.81068706241029);
#27=CIRCLE('',#1679,2.5);
#28=CIRCLE('',#1680,2.5);
#29=CIRCLE('',#1682,2.5);
#30=CIRCLE('',#1684,2.5);
#31=CIRCLE('',#1737,7.31068706241029);
#32=CIRCLE('',#1738,7.31068706241029);
#33=CIRCLE('',#1746,2.5);
#34=CIRCLE('',#1747,2.5);
#35=CIRCLE('',#1750,2.5);
#36=CIRCLE('',#1751,2.5);
#37=CIRCLE('',#1752,2.5);
#38=CIRCLE('',#1754,2.5);
#39=CIRCLE('',#1757,2.5);
#40=CIRCLE('',#1760,2.5);
#41=FACE_BOUND('',#216,.T.);
#42=FACE_BOUND('',#220,.T.);
#43=FACE_BOUND('',#225,.T.);
#44=FACE_BOUND('',#226,.T.);
#45=FACE_BOUND('',#227,.T.);
#46=FACE_BOUND('',#228,.T.);
#47=FACE_BOUND('',#229,.T.);
#48=FACE_BOUND('',#230,.T.);
#49=FACE_BOUND('',#231,.T.);
#50=FACE_BOUND('',#232,.T.);
#51=FACE_BOUND('',#233,.T.);
#52=FACE_BOUND('',#277,.T.);
#53=FACE_BOUND('',#278,.T.);
#54=FACE_BOUND('',#279,.T.);
#55=FACE_BOUND('',#280,.T.);
#56=FACE_BOUND('',#281,.T.);
#57=FACE_BOUND('',#282,.T.);
#58=FACE_BOUND('',#283,.T.);
#59=FACE_BOUND('',#284,.T.);
#60=FACE_BOUND('',#285,.T.);
#61=FACE_BOUND('',#294,.T.);
#62=FACE_BOUND('',#296,.T.);
#63=FACE_BOUND('',#304,.T.);
#64=PLANE('',#1662);
#65=PLANE('',#1666);
#66=PLANE('',#1669);
#67=PLANE('',#1675);
#68=PLANE('',#1681);
#69=PLANE('',#1685);
#70=PLANE('',#1686);
#71=PLANE('',#1687);
#72=PLANE('',#1688);
#73=PLANE('',#1689);
#74=PLANE('',#1690);
#75=PLANE('',#1691);
#76=PLANE('',#1692);
#77=PLANE('',#1693);
#78=PLANE('',#1694);
#79=PLANE('',#1695);
#80=PLANE('',#1696);
#81=PLANE('',#1697);
#82=PLANE('',#1698);
#83=PLANE('',#1699);
#84=PLANE('',#1700);
#85=PLANE('',#1701);
#86=PLANE('',#1702);
#87=PLANE('',#1703);
#88=PLANE('',#1704);
#89=PLANE('',#1705);
#90=PLANE('',#1706);
#91=PLANE('',#1707);
#92=PLANE('',#1708);
#93=PLANE('',#1709);
#94=PLANE('',#1710);
#95=PLANE('',#1711);
#96=PLANE('',#1712);
#97=PLANE('',#1713);
#98=PLANE('',#1714);
#99=PLANE('',#1715);
#100=PLANE('',#1716);
#101=PLANE('',#1717);
#102=PLANE('',#1719);
#103=PLANE('',#1720);
#104=PLANE('',#1721);
#105=PLANE('',#1722);
#106=PLANE('',#1723);
#107=PLANE('',#1724);
#108=PLANE('',#1725);
#109=PLANE('',#1726);
#110=PLANE('',#1727);
#111=PLANE('',#1728);
#112=PLANE('',#1729);
#113=PLANE('',#1730);
#114=PLANE('',#1731);
#115=PLANE('',#1732);
#116=PLANE('',#1733);
#117=PLANE('',#1734);
#118=PLANE('',#1735);
#119=PLANE('',#1740);
#120=PLANE('',#1741);
#121=PLANE('',#1742);
#122=PLANE('',#1743);
#123=PLANE('',#1744);
#124=PLANE('',#1748);
#125=PLANE('',#1749);
#126=PLANE('',#1755);
#127=PLANE('',#1758);
#128=PLANE('',#1761);
#129=PLANE('',#1762);
#130=FACE_OUTER_BOUND('',#211,.T.);
#131=FACE_OUTER_BOUND('',#212,.T.);
#132=FACE_OUTER_BOUND('',#213,.T.);
#133=FACE_OUTER_BOUND('',#214,.T.);
#134=FACE_OUTER_BOUND('',#215,.T.);
#135=FACE_OUTER_BOUND('',#217,.T.);
#136=FACE_OUTER_BOUND('',#218,.T.);
#137=FACE_OUTER_BOUND('',#219,.T.);
#138=FACE_OUTER_BOUND('',#221,.T.);
#139=FACE_OUTER_BOUND('',#222,.T.);
#140=FACE_OUTER_BOUND('',#223,.T.);
#141=FACE_OUTER_BOUND('',#224,.T.);
#142=FACE_OUTER_BOUND('',#234,.T.);
#143=FACE_OUTER_BOUND('',#235,.T.);
#144=FACE_OUTER_BOUND('',#236,.T.);
#145=FACE_OUTER_BOUND('',#237,.T.);
#146=FACE_OUTER_BOUND('',#238,.T.);
#147=FACE_OUTER_BOUND('',#239,.T.);
#148=FACE_OUTER_BOUND('',#240,.T.);
#149=FACE_OUTER_BOUND('',#241,.T.);
#150=FACE_OUTER_BOUND('',#242,.T.);
#151=FACE_OUTER_BOUND('',#243,.T.);
#152=FACE_OUTER_BOUND('',#244,.T.);
#153=FACE_OUTER_BOUND('',#245,.T.);
#154=FACE_OUTER_BOUND('',#246,.T.);
#155=FACE_OUTER_BOUND('',#247,.T.);
#156=FACE_OUTER_BOUND('',#248,.T.);
#157=FACE_OUTER_BOUND('',#249,.T.);
#158=FACE_OUTER_BOUND('',#250,.T.);
#159=FACE_OUTER_BOUND('',#251,.T.);
#160=FACE_OUTER_BOUND('',#252,.T.);
#161=FACE_OUTER_BOUND('',#253,.T.);
#162=FACE_OUTER_BOUND('',#254,.T.);
#163=FACE_OUTER_BOUND('',#255,.T.);
#164=FACE_OUTER_BOUND('',#256,.T.);
#165=FACE_OUTER_BOUND('',#257,.T.);
#166=FACE_OUTER_BOUND('',#258,.T.);
#167=FACE_OUTER_BOUND('',#259,.T.);
#168=FACE_OUTER_BOUND('',#260,.T.);
#169=FACE_OUTER_BOUND('',#261,.T.);
#170=FACE_OUTER_BOUND('',#262,.T.);
#171=FACE_OUTER_BOUND('',#263,.T.);
#172=FACE_OUTER_BOUND('',#264,.T.);
#173=FACE_OUTER_BOUND('',#265,.T.);
#174=FACE_OUTER_BOUND('',#266,.T.);
#175=FACE_OUTER_BOUND('',#267,.T.);
#176=FACE_OUTER_BOUND('',#268,.T.);
#177=FACE_OUTER_BOUND('',#269,.T.);
#178=FACE_OUTER_BOUND('',#270,.T.);
#179=FACE_OUTER_BOUND('',#271,.T.);
#180=FACE_OUTER_BOUND('',#272,.T.);
#181=FACE_OUTER_BOUND('',#273,.T.);
#182=FACE_OUTER_BOUND('',#274,.T.);
#183=FACE_OUTER_BOUND('',#275,.T.);
#184=FACE_OUTER_BOUND('',#276,.T.);
#185=FACE_OUTER_BOUND('',#286,.T.);
#186=FACE_OUTER_BOUND('',#287,.T.);
#187=FACE_OUTER_BOUND('',#288,.T.);
#188=FACE_OUTER_BOUND('',#289,.T.);
#189=FACE_OUTER_BOUND('',#290,.T.);
#190=FACE_OUTER_BOUND('',#291,.T.);
#191=FACE_OUTER_BOUND('',#292,.T.);
#192=FACE_OUTER_BOUND('',#293,.T.);
#193=FACE_OUTER_BOUND('',#295,.T.);
#194=FACE_OUTER_BOUND('',#297,.T.);
#195=FACE_OUTER_BOUND('',#298,.T.);
#196=FACE_OUTER_BOUND('',#299,.T.);
#197=FACE_OUTER_BOUND('',#300,.T.);
#198=FACE_OUTER_BOUND('',#301,.T.);
#199=FACE_OUTER_BOUND('',#302,.T.);
#200=FACE_OUTER_BOUND('',#303,.T.);
#201=FACE_OUTER_BOUND('',#305,.T.);
#202=FACE_OUTER_BOUND('',#306,.T.);
#203=FACE_OUTER_BOUND('',#307,.T.);
#204=FACE_OUTER_BOUND('',#308,.T.);
#205=FACE_OUTER_BOUND('',#309,.T.);
#206=FACE_OUTER_BOUND('',#310,.T.);
#207=FACE_OUTER_BOUND('',#311,.T.);
#208=FACE_OUTER_BOUND('',#312,.T.);
#209=FACE_OUTER_BOUND('',#313,.T.);
#210=FACE_OUTER_BOUND('',#314,.T.);
#211=EDGE_LOOP('',(#1099,#1100,#1101,#1102));
#212=EDGE_LOOP('',(#1103,#1104,#1105,#1106));
#213=EDGE_LOOP('',(#1107,#1108,#1109,#1110));
#214=EDGE_LOOP('',(#1111,#1112,#1113,#1114));
#215=EDGE_LOOP('',(#1115,#1116,#1117,#1118));
#216=EDGE_LOOP('',(#1119,#1120,#1121,#1122));
#217=EDGE_LOOP('',(#1123,#1124,#1125,#1126));
#218=EDGE_LOOP('',(#1127,#1128,#1129,#1130,#1131,#1132,#1133,#1134,#1135));
#219=EDGE_LOOP('',(#1136,#1137,#1138,#1139,#1140,#1141,#1142,#1143));
#220=EDGE_LOOP('',(#1144,#1145,#1146,#1147));
#221=EDGE_LOOP('',(#1148,#1149,#1150,#1151));
#222=EDGE_LOOP('',(#1152,#1153,#1154,#1155,#1156,#1157,#1158,#1159,#1160));
#223=EDGE_LOOP('',(#1161,#1162,#1163,#1164,#1165,#1166));
#224=EDGE_LOOP('',(#1167,#1168,#1169,#1170,#1171,#1172));
#225=EDGE_LOOP('',(#1173,#1174,#1175,#1176));
#226=EDGE_LOOP('',(#1177,#1178,#1179,#1180));
#227=EDGE_LOOP('',(#1181,#1182,#1183,#1184));
#228=EDGE_LOOP('',(#1185,#1186,#1187,#1188));
#229=EDGE_LOOP('',(#1189,#1190,#1191,#1192));
#230=EDGE_LOOP('',(#1193,#1194,#1195,#1196));
#231=EDGE_LOOP('',(#1197,#1198,#1199,#1200));
#232=EDGE_LOOP('',(#1201,#1202,#1203,#1204));
#233=EDGE_LOOP('',(#1205,#1206,#1207,#1208,#1209,#1210,#1211));
#234=EDGE_LOOP('',(#1212,#1213,#1214,#1215,#1216,#1217));
#235=EDGE_LOOP('',(#1218,#1219,#1220,#1221));
#236=EDGE_LOOP('',(#1222,#1223,#1224,#1225));
#237=EDGE_LOOP('',(#1226,#1227,#1228,#1229));
#238=EDGE_LOOP('',(#1230,#1231,#1232,#1233));
#239=EDGE_LOOP('',(#1234,#1235,#1236,#1237));
#240=EDGE_LOOP('',(#1238,#1239,#1240,#1241));
#241=EDGE_LOOP('',(#1242,#1243,#1244,#1245));
#242=EDGE_LOOP('',(#1246,#1247,#1248,#1249));
#243=EDGE_LOOP('',(#1250,#1251,#1252,#1253));
#244=EDGE_LOOP('',(#1254,#1255,#1256,#1257));
#245=EDGE_LOOP('',(#1258,#1259,#1260,#1261));
#246=EDGE_LOOP('',(#1262,#1263,#1264,#1265));
#247=EDGE_LOOP('',(#1266,#1267,#1268,#1269));
#248=EDGE_LOOP('',(#1270,#1271,#1272,#1273));
#249=EDGE_LOOP('',(#1274,#1275,#1276,#1277));
#250=EDGE_LOOP('',(#1278,#1279,#1280,#1281));
#251=EDGE_LOOP('',(#1282,#1283,#1284,#1285));
#252=EDGE_LOOP('',(#1286,#1287,#1288,#1289));
#253=EDGE_LOOP('',(#1290,#1291,#1292,#1293));
#254=EDGE_LOOP('',(#1294,#1295,#1296,#1297));
#255=EDGE_LOOP('',(#1298,#1299,#1300,#1301));
#256=EDGE_LOOP('',(#1302,#1303,#1304,#1305));
#257=EDGE_LOOP('',(#1306,#1307,#1308,#1309));
#258=EDGE_LOOP('',(#1310,#1311,#1312,#1313));
#259=EDGE_LOOP('',(#1314,#1315,#1316,#1317));
#260=EDGE_LOOP('',(#1318,#1319,#1320,#1321));
#261=EDGE_LOOP('',(#1322,#1323,#1324,#1325));
#262=EDGE_LOOP('',(#1326,#1327,#1328,#1329));
#263=EDGE_LOOP('',(#1330,#1331,#1332,#1333));
#264=EDGE_LOOP('',(#1334,#1335,#1336,#1337));
#265=EDGE_LOOP('',(#1338,#1339,#1340,#1341));
#266=EDGE_LOOP('',(#1342,#1343,#1344,#1345));
#267=EDGE_LOOP('',(#1346,#1347,#1348,#1349));
#268=EDGE_LOOP('',(#1350,#1351,#1352,#1353));
#269=EDGE_LOOP('',(#1354,#1355,#1356,#1357));
#270=EDGE_LOOP('',(#1358,#1359,#1360,#1361));
#271=EDGE_LOOP('',(#1362,#1363,#1364,#1365));
#272=EDGE_LOOP('',(#1366,#1367,#1368,#1369));
#273=EDGE_LOOP('',(#1370,#1371,#1372,#1373));
#274=EDGE_LOOP('',(#1374,#1375,#1376,#1377));
#275=EDGE_LOOP('',(#1378,#1379,#1380,#1381));
#276=EDGE_LOOP('',(#1382,#1383,#1384,#1385));
#277=EDGE_LOOP('',(#1386,#1387,#1388,#1389));
#278=EDGE_LOOP('',(#1390,#1391,#1392,#1393));
#279=EDGE_LOOP('',(#1394,#1395,#1396,#1397));
#280=EDGE_LOOP('',(#1398,#1399,#1400,#1401));
#281=EDGE_LOOP('',(#1402,#1403,#1404,#1405));
#282=EDGE_LOOP('',(#1406,#1407,#1408,#1409));
#283=EDGE_LOOP('',(#1410,#1411,#1412,#1413));
#284=EDGE_LOOP('',(#1414,#1415,#1416,#1417));
#285=EDGE_LOOP('',(#1418,#1419,#1420,#1421,#1422,#1423,#1424));
#286=EDGE_LOOP('',(#1425,#1426,#1427,#1428));
#287=EDGE_LOOP('',(#1429,#1430,#1431,#1432));
#288=EDGE_LOOP('',(#1433,#1434,#1435,#1436));
#289=EDGE_LOOP('',(#1437,#1438,#1439,#1440));
#290=EDGE_LOOP('',(#1441,#1442,#1443,#1444));
#291=EDGE_LOOP('',(#1445,#1446,#1447,#1448));
#292=EDGE_LOOP('',(#1449,#1450,#1451,#1452));
#293=EDGE_LOOP('',(#1453,#1454,#1455,#1456,#1457,#1458));
#294=EDGE_LOOP('',(#1459,#1460,#1461,#1462));
#295=EDGE_LOOP('',(#1463,#1464,#1465,#1466));
#296=EDGE_LOOP('',(#1467,#1468,#1469,#1470));
#297=EDGE_LOOP('',(#1471,#1472,#1473,#1474));
#298=EDGE_LOOP('',(#1475,#1476,#1477,#1478));
#299=EDGE_LOOP('',(#1479,#1480,#1481,#1482));
#300=EDGE_LOOP('',(#1483,#1484,#1485,#1486,#1487,#1488));
#301=EDGE_LOOP('',(#1489,#1490,#1491,#1492));
#302=EDGE_LOOP('',(#1493,#1494,#1495,#1496,#1497,#1498));
#303=EDGE_LOOP('',(#1499,#1500,#1501,#1502));
#304=EDGE_LOOP('',(#1503,#1504,#1505,#1506));
#305=EDGE_LOOP('',(#1507,#1508,#1509,#1510));
#306=EDGE_LOOP('',(#1511,#1512,#1513,#1514));
#307=EDGE_LOOP('',(#1515,#1516,#1517,#1518,#1519,#1520,#1521,#1522));
#308=EDGE_LOOP('',(#1523,#1524,#1525,#1526));
#309=EDGE_LOOP('',(#1527,#1528,#1529,#1530));
#310=EDGE_LOOP('',(#1531,#1532,#1533,#1534));
#311=EDGE_LOOP('',(#1535,#1536,#1537,#1538));
#312=EDGE_LOOP('',(#1539,#1540,#1541,#1542));
#313=EDGE_LOOP('',(#1543,#1544,#1545,#1546));
#314=EDGE_LOOP('',(#1547,#1548,#1549,#1550,#1551,#1552,#1553,#1554));
#315=ELLIPSE('',#1655,1.4142135623731,1.);
#316=ELLIPSE('',#1656,1.4142135623731,1.);
#317=ELLIPSE('',#1658,1.41421356237311,1.);
#318=ELLIPSE('',#1660,1.41421356237309,1.);
#319=LINE('',#2187,#519);
#320=LINE('',#2191,#520);
#321=LINE('',#2195,#521);
#322=LINE('',#2198,#522);
#323=LINE('',#2201,#523);
#324=LINE('',#2204,#524);
#325=LINE('',#2206,#525);
#326=LINE('',#2207,#526);
#327=LINE('',#2211,#527);
#328=LINE('',#2213,#528);
#329=LINE('',#2215,#529);
#330=LINE('',#2216,#530);
#331=LINE('',#2221,#531);
#332=LINE('',#2225,#532);
#333=LINE('',#2227,#533);
#334=LINE('',#2229,#534);
#335=LINE('',#2233,#535);
#336=LINE('',#2235,#536);
#337=LINE('',#2238,#537);
#338=LINE('',#2243,#538);
#339=LINE('',#2247,#539);
#340=LINE('',#2251,#540);
#341=LINE('',#2253,#541);
#342=LINE('',#2255,#542);
#343=LINE('',#2256,#543);
#344=LINE('',#2260,#544);
#345=LINE('',#2263,#545);
#346=LINE('',#2267,#546);
#347=LINE('',#2269,#547);
#348=LINE('',#2273,#548);
#349=LINE('',#2274,#549);
#350=LINE('',#2279,#550);
#351=LINE('',#2282,#551);
#352=LINE('',#2284,#552);
#353=LINE('',#2287,#553);
#354=LINE('',#2290,#554);
#355=LINE('',#2292,#555);
#356=LINE('',#2294,#556);
#357=LINE('',#2295,#557);
#358=LINE('',#2298,#558);
#359=LINE('',#2300,#559);
#360=LINE('',#2302,#560);
#361=LINE('',#2303,#561);
#362=LINE('',#2306,#562);
#363=LINE('',#2308,#563);
#364=LINE('',#2310,#564);
#365=LINE('',#2311,#565);
#366=LINE('',#2314,#566);
#367=LINE('',#2316,#567);
#368=LINE('',#2318,#568);
#369=LINE('',#2319,#569);
#370=LINE('',#2322,#570);
#371=LINE('',#2324,#571);
#372=LINE('',#2326,#572);
#373=LINE('',#2327,#573);
#374=LINE('',#2330,#574);
#375=LINE('',#2332,#575);
#376=LINE('',#2334,#576);
#377=LINE('',#2335,#577);
#378=LINE('',#2338,#578);
#379=LINE('',#2340,#579);
#380=LINE('',#2342,#580);
#381=LINE('',#2343,#581);
#382=LINE('',#2346,#582);
#383=LINE('',#2348,#583);
#384=LINE('',#2350,#584);
#385=LINE('',#2351,#585);
#386=LINE('',#2354,#586);
#387=LINE('',#2356,#587);
#388=LINE('',#2358,#588);
#389=LINE('',#2360,#589);
#390=LINE('',#2362,#590);
#391=LINE('',#2364,#591);
#392=LINE('',#2365,#592);
#393=LINE('',#2368,#593);
#394=LINE('',#2371,#594);
#395=LINE('',#2373,#595);
#396=LINE('',#2377,#596);
#397=LINE('',#2378,#597);
#398=LINE('',#2379,#598);
#399=LINE('',#2382,#599);
#400=LINE('',#2383,#600);
#401=LINE('',#2386,#601);
#402=LINE('',#2387,#602);
#403=LINE('',#2389,#603);
#404=LINE('',#2393,#604);
#405=LINE('',#2394,#605);
#406=LINE('',#2395,#606);
#407=LINE('',#2398,#607);
#408=LINE('',#2399,#608);
#409=LINE('',#2402,#609);
#410=LINE('',#2403,#610);
#411=LINE('',#2405,#611);
#412=LINE('',#2409,#612);
#413=LINE('',#2410,#613);
#414=LINE('',#2411,#614);
#415=LINE('',#2414,#615);
#416=LINE('',#2415,#616);
#417=LINE('',#2418,#617);
#418=LINE('',#2419,#618);
#419=LINE('',#2421,#619);
#420=LINE('',#2425,#620);
#421=LINE('',#2426,#621);
#422=LINE('',#2427,#622);
#423=LINE('',#2430,#623);
#424=LINE('',#2431,#624);
#425=LINE('',#2434,#625);
#426=LINE('',#2435,#626);
#427=LINE('',#2437,#627);
#428=LINE('',#2441,#628);
#429=LINE('',#2442,#629);
#430=LINE('',#2443,#630);
#431=LINE('',#2446,#631);
#432=LINE('',#2447,#632);
#433=LINE('',#2450,#633);
#434=LINE('',#2451,#634);
#435=LINE('',#2453,#635);
#436=LINE('',#2457,#636);
#437=LINE('',#2458,#637);
#438=LINE('',#2459,#638);
#439=LINE('',#2462,#639);
#440=LINE('',#2463,#640);
#441=LINE('',#2466,#641);
#442=LINE('',#2467,#642);
#443=LINE('',#2469,#643);
#444=LINE('',#2473,#644);
#445=LINE('',#2474,#645);
#446=LINE('',#2475,#646);
#447=LINE('',#2478,#647);
#448=LINE('',#2479,#648);
#449=LINE('',#2482,#649);
#450=LINE('',#2483,#650);
#451=LINE('',#2485,#651);
#452=LINE('',#2489,#652);
#453=LINE('',#2490,#653);
#454=LINE('',#2491,#654);
#455=LINE('',#2494,#655);
#456=LINE('',#2495,#656);
#457=LINE('',#2498,#657);
#458=LINE('',#2499,#658);
#459=LINE('',#2501,#659);
#460=LINE('',#2503,#660);
#461=LINE('',#2504,#661);
#462=LINE('',#2508,#662);
#463=LINE('',#2509,#663);
#464=LINE('',#2510,#664);
#465=LINE('',#2513,#665);
#466=LINE('',#2514,#666);
#467=LINE('',#2517,#667);
#468=LINE('',#2518,#668);
#469=LINE('',#2521,#669);
#470=LINE('',#2522,#670);
#471=LINE('',#2525,#671);
#472=LINE('',#2526,#672);
#473=LINE('',#2529,#673);
#474=LINE('',#2530,#674);
#475=LINE('',#2532,#675);
#476=LINE('',#2536,#676);
#477=LINE('',#2538,#677);
#478=LINE('',#2540,#678);
#479=LINE('',#2541,#679);
#480=LINE('',#2543,#680);
#481=LINE('',#2545,#681);
#482=LINE('',#2546,#682);
#483=LINE('',#2551,#683);
#484=LINE('',#2553,#684);
#485=LINE('',#2555,#685);
#486=LINE('',#2556,#686);
#487=LINE('',#2559,#687);
#488=LINE('',#2561,#688);
#489=LINE('',#2562,#689);
#490=LINE('',#2565,#690);
#491=LINE('',#2567,#691);
#492=LINE('',#2568,#692);
#493=LINE('',#2570,#693);
#494=LINE('',#2571,#694);
#495=LINE('',#2576,#695);
#496=LINE('',#2578,#696);
#497=LINE('',#2580,#697);
#498=LINE('',#2581,#698);
#499=LINE('',#2588,#699);
#500=LINE('',#2589,#700);
#501=LINE('',#2591,#701);
#502=LINE('',#2593,#702);
#503=LINE('',#2600,#703);
#504=LINE('',#2603,#704);
#505=LINE('',#2606,#705);
#506=LINE('',#2608,#706);
#507=LINE('',#2609,#707);
#508=LINE('',#2612,#708);
#509=LINE('',#2616,#709);
#510=LINE('',#2620,#710);
#511=LINE('',#2625,#711);
#512=LINE('',#2628,#712);
#513=LINE('',#2629,#713);
#514=LINE('',#2633,#714);
#515=LINE('',#2636,#715);
#516=LINE('',#2637,#716);
#517=LINE('',#2641,#717);
#518=LINE('',#2643,#718);
#519=VECTOR('',#1767,10.);
#520=VECTOR('',#1770,10.);
#521=VECTOR('',#1775,10.);
#522=VECTOR('',#1778,10.);
#523=VECTOR('',#1781,10.);
#524=VECTOR('',#1784,10.);
#525=VECTOR('',#1787,10.);
#526=VECTOR('',#1788,10.);
#527=VECTOR('',#1791,10.);
#528=VECTOR('',#1792,10.);
#529=VECTOR('',#1793,10.);
#530=VECTOR('',#1794,10.);
#531=VECTOR('',#1799,10.);
#532=VECTOR('',#1804,10.);
#533=VECTOR('',#1805,10.);
#534=VECTOR('',#1806,10.);
#535=VECTOR('',#1809,10.);
#536=VECTOR('',#1810,10.);
#537=VECTOR('',#1813,10.);
#538=VECTOR('',#1818,10.);
#539=VECTOR('',#1821,10.);
#540=VECTOR('',#1824,10.);
#541=VECTOR('',#1825,10.);
#542=VECTOR('',#1826,10.);
#543=VECTOR('',#1827,10.);
#544=VECTOR('',#1832,10.);
#545=VECTOR('',#1835,10.);
#546=VECTOR('',#1838,10.);
#547=VECTOR('',#1839,10.);
#548=VECTOR('',#1842,10.);
#549=VECTOR('',#1843,10.);
#550=VECTOR('',#1848,10.);
#551=VECTOR('',#1851,10.);
#552=VECTOR('',#1854,10.);
#553=VECTOR('',#1857,10.);
#554=VECTOR('',#1858,10.);
#555=VECTOR('',#1859,10.);
#556=VECTOR('',#1860,10.);
#557=VECTOR('',#1861,10.);
#558=VECTOR('',#1862,10.);
#559=VECTOR('',#1863,10.);
#560=VECTOR('',#1864,10.);
#561=VECTOR('',#1865,10.);
#562=VECTOR('',#1866,10.);
#563=VECTOR('',#1867,10.);
#564=VECTOR('',#1868,10.);
#565=VECTOR('',#1869,10.);
#566=VECTOR('',#1870,10.);
#567=VECTOR('',#1871,10.);
#568=VECTOR('',#1872,10.);
#569=VECTOR('',#1873,10.);
#570=VECTOR('',#1874,10.);
#571=VECTOR('',#1875,10.);
#572=VECTOR('',#1876,10.);
#573=VECTOR('',#1877,10.);
#574=VECTOR('',#1878,10.);
#575=VECTOR('',#1879,10.);
#576=VECTOR('',#1880,10.);
#577=VECTOR('',#1881,10.);
#578=VECTOR('',#1882,10.);
#579=VECTOR('',#1883,10.);
#580=VECTOR('',#1884,10.);
#581=VECTOR('',#1885,10.);
#582=VECTOR('',#1886,10.);
#583=VECTOR('',#1887,10.);
#584=VECTOR('',#1888,10.);
#585=VECTOR('',#1889,10.);
#586=VECTOR('',#1890,10.);
#587=VECTOR('',#1891,10.);
#588=VECTOR('',#1892,10.);
#589=VECTOR('',#1893,10.);
#590=VECTOR('',#1894,10.);
#591=VECTOR('',#1895,10.);
#592=VECTOR('',#1896,10.);
#593=VECTOR('',#1899,10.);
#594=VECTOR('',#1902,10.);
#595=VECTOR('',#1905,10.);
#596=VECTOR('',#1908,10.);
#597=VECTOR('',#1909,10.);
#598=VECTOR('',#1910,10.);
#599=VECTOR('',#1913,10.);
#600=VECTOR('',#1914,10.);
#601=VECTOR('',#1917,10.);
#602=VECTOR('',#1918,10.);
#603=VECTOR('',#1921,10.);
#604=VECTOR('',#1924,10.);
#605=VECTOR('',#1925,10.);
#606=VECTOR('',#1926,10.);
#607=VECTOR('',#1929,10.);
#608=VECTOR('',#1930,10.);
#609=VECTOR('',#1933,10.);
#610=VECTOR('',#1934,10.);
#611=VECTOR('',#1937,10.);
#612=VECTOR('',#1940,10.);
#613=VECTOR('',#1941,10.);
#614=VECTOR('',#1942,10.);
#615=VECTOR('',#1945,10.);
#616=VECTOR('',#1946,10.);
#617=VECTOR('',#1949,10.);
#618=VECTOR('',#1950,10.);
#619=VECTOR('',#1953,10.);
#620=VECTOR('',#1956,10.);
#621=VECTOR('',#1957,10.);
#622=VECTOR('',#1958,10.);
#623=VECTOR('',#1961,10.);
#624=VECTOR('',#1962,10.);
#625=VECTOR('',#1965,10.);
#626=VECTOR('',#1966,10.);
#627=VECTOR('',#1969,10.);
#628=VECTOR('',#1972,10.);
#629=VECTOR('',#1973,10.);
#630=VECTOR('',#1974,10.);
#631=VECTOR('',#1977,10.);
#632=VECTOR('',#1978,10.);
#633=VECTOR('',#1981,10.);
#634=VECTOR('',#1982,10.);
#635=VECTOR('',#1985,10.);
#636=VECTOR('',#1988,10.);
#637=VECTOR('',#1989,10.);
#638=VECTOR('',#1990,10.);
#639=VECTOR('',#1993,10.);
#640=VECTOR('',#1994,10.);
#641=VECTOR('',#1997,10.);
#642=VECTOR('',#1998,10.);
#643=VECTOR('',#2001,10.);
#644=VECTOR('',#2004,10.);
#645=VECTOR('',#2005,10.);
#646=VECTOR('',#2006,10.);
#647=VECTOR('',#2009,10.);
#648=VECTOR('',#2010,10.);
#649=VECTOR('',#2013,10.);
#650=VECTOR('',#2014,10.);
#651=VECTOR('',#2017,10.);
#652=VECTOR('',#2020,10.);
#653=VECTOR('',#2021,10.);
#654=VECTOR('',#2022,10.);
#655=VECTOR('',#2025,10.);
#656=VECTOR('',#2026,10.);
#657=VECTOR('',#2029,10.);
#658=VECTOR('',#2030,10.);
#659=VECTOR('',#2033,10.);
#660=VECTOR('',#2036,0.75);
#661=VECTOR('',#2037,10.);
#662=VECTOR('',#2040,10.);
#663=VECTOR('',#2041,10.);
#664=VECTOR('',#2042,10.);
#665=VECTOR('',#2045,10.);
#666=VECTOR('',#2046,10.);
#667=VECTOR('',#2049,10.);
#668=VECTOR('',#2050,10.);
#669=VECTOR('',#2053,10.);
#670=VECTOR('',#2054,10.);
#671=VECTOR('',#2057,10.);
#672=VECTOR('',#2058,10.);
#673=VECTOR('',#2061,10.);
#674=VECTOR('',#2062,10.);
#675=VECTOR('',#2065,10.);
#676=VECTOR('',#2068,10.);
#677=VECTOR('',#2069,10.);
#678=VECTOR('',#2070,10.);
#679=VECTOR('',#2071,10.);
#680=VECTOR('',#2074,10.);
#681=VECTOR('',#2077,10.);
#682=VECTOR('',#2078,10.);
#683=VECTOR('',#2083,10.);
#684=VECTOR('',#2084,10.);
#685=VECTOR('',#2085,10.);
#686=VECTOR('',#2086,10.);
#687=VECTOR('',#2089,10.);
#688=VECTOR('',#2090,10.);
#689=VECTOR('',#2091,10.);
#690=VECTOR('',#2094,10.);
#691=VECTOR('',#2095,10.);
#692=VECTOR('',#2096,10.);
#693=VECTOR('',#2099,10.);
#694=VECTOR('',#2100,10.);
#695=VECTOR('',#2105,10.);
#696=VECTOR('',#2106,10.);
#697=VECTOR('',#2107,10.);
#698=VECTOR('',#2108,10.);
#699=VECTOR('',#2121,10.);
#700=VECTOR('',#2122,10.);
#701=VECTOR('',#2125,10.);
#702=VECTOR('',#2128,10.);
#703=VECTOR('',#2135,10.);
#704=VECTOR('',#2138,10.);
#705=VECTOR('',#2141,10.);
#706=VECTOR('',#2142,10.);
#707=VECTOR('',#2143,10.);
#708=VECTOR('',#2146,10.);
#709=VECTOR('',#2149,10.);
#710=VECTOR('',#2152,10.);
#711=VECTOR('',#2159,10.);
#712=VECTOR('',#2162,10.);
#713=VECTOR('',#2163,10.);
#714=VECTOR('',#2168,10.);
#715=VECTOR('',#2171,10.);
#716=VECTOR('',#2172,10.);
#717=VECTOR('',#2177,10.);
#718=VECTOR('',#2180,10.);
#719=VERTEX_POINT('',#2185);
#720=VERTEX_POINT('',#2186);
#721=VERTEX_POINT('',#2188);
#722=VERTEX_POINT('',#2190);
#723=VERTEX_POINT('',#2194);
#724=VERTEX_POINT('',#2196);
#725=VERTEX_POINT('',#2200);
#726=VERTEX_POINT('',#2202);
#727=VERTEX_POINT('',#2209);
#728=VERTEX_POINT('',#2210);
#729=VERTEX_POINT('',#2212);
#730=VERTEX_POINT('',#2214);
#731=VERTEX_POINT('',#2218);
#732=VERTEX_POINT('',#2220);
#733=VERTEX_POINT('',#2224);
#734=VERTEX_POINT('',#2226);
#735=VERTEX_POINT('',#2228);
#736=VERTEX_POINT('',#2230);
#737=VERTEX_POINT('',#2232);
#738=VERTEX_POINT('',#2234);
#739=VERTEX_POINT('',#2236);
#740=VERTEX_POINT('',#2240);
#741=VERTEX_POINT('',#2242);
#742=VERTEX_POINT('',#2244);
#743=VERTEX_POINT('',#2246);
#744=VERTEX_POINT('',#2249);
#745=VERTEX_POINT('',#2250);
#746=VERTEX_POINT('',#2252);
#747=VERTEX_POINT('',#2254);
#748=VERTEX_POINT('',#2258);
#749=VERTEX_POINT('',#2262);
#750=VERTEX_POINT('',#2264);
#751=VERTEX_POINT('',#2266);
#752=VERTEX_POINT('',#2268);
#753=VERTEX_POINT('',#2270);
#754=VERTEX_POINT('',#2272);
#755=VERTEX_POINT('',#2276);
#756=VERTEX_POINT('',#2277);
#757=VERTEX_POINT('',#2280);
#758=VERTEX_POINT('',#2285);
#759=VERTEX_POINT('',#2288);
#760=VERTEX_POINT('',#2289);
#761=VERTEX_POINT('',#2291);
#762=VERTEX_POINT('',#2293);
#763=VERTEX_POINT('',#2296);
#764=VERTEX_POINT('',#2297);
#765=VERTEX_POINT('',#2299);
#766=VERTEX_POINT('',#2301);
#767=VERTEX_POINT('',#2304);
#768=VERTEX_POINT('',#2305);
#769=VERTEX_POINT('',#2307);
#770=VERTEX_POINT('',#2309);
#771=VERTEX_POINT('',#2312);
#772=VERTEX_POINT('',#2313);
#773=VERTEX_POINT('',#2315);
#774=VERTEX_POINT('',#2317);
#775=VERTEX_POINT('',#2320);
#776=VERTEX_POINT('',#2321);
#777=VERTEX_POINT('',#2323);
#778=VERTEX_POINT('',#2325);
#779=VERTEX_POINT('',#2328);
#780=VERTEX_POINT('',#2329);
#781=VERTEX_POINT('',#2331);
#782=VERTEX_POINT('',#2333);
#783=VERTEX_POINT('',#2336);
#784=VERTEX_POINT('',#2337);
#785=VERTEX_POINT('',#2339);
#786=VERTEX_POINT('',#2341);
#787=VERTEX_POINT('',#2344);
#788=VERTEX_POINT('',#2345);
#789=VERTEX_POINT('',#2347);
#790=VERTEX_POINT('',#2349);
#791=VERTEX_POINT('',#2352);
#792=VERTEX_POINT('',#2353);
#793=VERTEX_POINT('',#2355);
#794=VERTEX_POINT('',#2357);
#795=VERTEX_POINT('',#2359);
#796=VERTEX_POINT('',#2361);
#797=VERTEX_POINT('',#2363);
#798=VERTEX_POINT('',#2367);
#799=VERTEX_POINT('',#2369);
#800=VERTEX_POINT('',#2375);
#801=VERTEX_POINT('',#2376);
#802=VERTEX_POINT('',#2381);
#803=VERTEX_POINT('',#2385);
#804=VERTEX_POINT('',#2391);
#805=VERTEX_POINT('',#2392);
#806=VERTEX_POINT('',#2397);
#807=VERTEX_POINT('',#2401);
#808=VERTEX_POINT('',#2407);
#809=VERTEX_POINT('',#2408);
#810=VERTEX_POINT('',#2413);
#811=VERTEX_POINT('',#2417);
#812=VERTEX_POINT('',#2423);
#813=VERTEX_POINT('',#2424);
#814=VERTEX_POINT('',#2429);
#815=VERTEX_POINT('',#2433);
#816=VERTEX_POINT('',#2439);
#817=VERTEX_POINT('',#2440);
#818=VERTEX_POINT('',#2445);
#819=VERTEX_POINT('',#2449);
#820=VERTEX_POINT('',#2455);
#821=VERTEX_POINT('',#2456);
#822=VERTEX_POINT('',#2461);
#823=VERTEX_POINT('',#2465);
#824=VERTEX_POINT('',#2471);
#825=VERTEX_POINT('',#2472);
#826=VERTEX_POINT('',#2477);
#827=VERTEX_POINT('',#2481);
#828=VERTEX_POINT('',#2487);
#829=VERTEX_POINT('',#2488);
#830=VERTEX_POINT('',#2493);
#831=VERTEX_POINT('',#2497);
#832=VERTEX_POINT('',#2506);
#833=VERTEX_POINT('',#2507);
#834=VERTEX_POINT('',#2512);
#835=VERTEX_POINT('',#2516);
#836=VERTEX_POINT('',#2520);
#837=VERTEX_POINT('',#2524);
#838=VERTEX_POINT('',#2528);
#839=VERTEX_POINT('',#2534);
#840=VERTEX_POINT('',#2535);
#841=VERTEX_POINT('',#2537);
#842=VERTEX_POINT('',#2539);
#843=VERTEX_POINT('',#2549);
#844=VERTEX_POINT('',#2550);
#845=VERTEX_POINT('',#2552);
#846=VERTEX_POINT('',#2554);
#847=VERTEX_POINT('',#2558);
#848=VERTEX_POINT('',#2560);
#849=VERTEX_POINT('',#2564);
#850=VERTEX_POINT('',#2566);
#851=VERTEX_POINT('',#2574);
#852=VERTEX_POINT('',#2575);
#853=VERTEX_POINT('',#2577);
#854=VERTEX_POINT('',#2579);
#855=VERTEX_POINT('',#2596);
#856=VERTEX_POINT('',#2597);
#857=VERTEX_POINT('',#2599);
#858=VERTEX_POINT('',#2601);
#859=VERTEX_POINT('',#2605);
#860=VERTEX_POINT('',#2607);
#861=VERTEX_POINT('',#2611);
#862=VERTEX_POINT('',#2613);
#863=VERTEX_POINT('',#2615);
#864=VERTEX_POINT('',#2617);
#865=VERTEX_POINT('',#2619);
#866=VERTEX_POINT('',#2623);
#867=VERTEX_POINT('',#2627);
#868=VERTEX_POINT('',#2631);
#869=VERTEX_POINT('',#2635);
#870=VERTEX_POINT('',#2639);
#871=EDGE_CURVE('',#719,#720,#319,.T.);
#872=EDGE_CURVE('',#720,#721,#315,.T.);
#873=EDGE_CURVE('',#722,#721,#320,.T.);
#874=EDGE_CURVE('',#722,#719,#316,.T.);
#875=EDGE_CURVE('',#720,#723,#321,.T.);
#876=EDGE_CURVE('',#723,#724,#317,.T.);
#877=EDGE_CURVE('',#721,#724,#322,.T.);
#878=EDGE_CURVE('',#723,#725,#323,.T.);
#879=EDGE_CURVE('',#725,#726,#318,.T.);
#880=EDGE_CURVE('',#724,#726,#324,.T.);
#881=EDGE_CURVE('',#726,#722,#325,.T.);
#882=EDGE_CURVE('',#725,#719,#326,.T.);
#883=EDGE_CURVE('',#727,#728,#327,.T.);
#884=EDGE_CURVE('',#727,#729,#328,.T.);
#885=EDGE_CURVE('',#730,#729,#329,.T.);
#886=EDGE_CURVE('',#728,#730,#330,.T.);
#887=EDGE_CURVE('',#728,#731,#17,.T.);
#888=EDGE_CURVE('',#731,#732,#331,.T.);
#889=EDGE_CURVE('',#732,#727,#18,.T.);
#890=EDGE_CURVE('',#733,#731,#332,.T.);
#891=EDGE_CURVE('',#734,#733,#333,.T.);
#892=EDGE_CURVE('',#735,#734,#334,.T.);
#893=EDGE_CURVE('',#735,#736,#19,.T.);
#894=EDGE_CURVE('',#736,#737,#335,.T.);
#895=EDGE_CURVE('',#738,#737,#336,.T.);
#896=EDGE_CURVE('',#739,#738,#20,.T.);
#897=EDGE_CURVE('',#732,#739,#337,.T.);
#898=EDGE_CURVE('',#740,#730,#21,.T.);
#899=EDGE_CURVE('',#740,#741,#338,.T.);
#900=EDGE_CURVE('',#742,#741,#22,.T.);
#901=EDGE_CURVE('',#742,#743,#339,.T.);
#902=EDGE_CURVE('',#733,#743,#23,.T.);
#903=EDGE_CURVE('',#744,#745,#340,.T.);
#904=EDGE_CURVE('',#745,#746,#341,.T.);
#905=EDGE_CURVE('',#746,#747,#342,.T.);
#906=EDGE_CURVE('',#747,#744,#343,.T.);
#907=EDGE_CURVE('',#729,#748,#24,.T.);
#908=EDGE_CURVE('',#748,#740,#344,.T.);
#909=EDGE_CURVE('',#749,#748,#345,.T.);
#910=EDGE_CURVE('',#750,#749,#25,.T.);
#911=EDGE_CURVE('',#751,#750,#346,.T.);
#912=EDGE_CURVE('',#752,#751,#347,.T.);
#913=EDGE_CURVE('',#753,#752,#26,.T.);
#914=EDGE_CURVE('',#753,#754,#348,.T.);
#915=EDGE_CURVE('',#741,#754,#349,.T.);
#916=EDGE_CURVE('',#755,#756,#27,.T.);
#917=EDGE_CURVE('',#756,#742,#350,.T.);
#918=EDGE_CURVE('',#754,#757,#28,.T.);
#919=EDGE_CURVE('',#757,#755,#351,.T.);
#920=EDGE_CURVE('',#753,#735,#352,.T.);
#921=EDGE_CURVE('',#758,#734,#29,.T.);
#922=EDGE_CURVE('',#757,#758,#353,.T.);
#923=EDGE_CURVE('',#759,#760,#354,.T.);
#924=EDGE_CURVE('',#760,#761,#355,.T.);
#925=EDGE_CURVE('',#761,#762,#356,.T.);
#926=EDGE_CURVE('',#762,#759,#357,.T.);
#927=EDGE_CURVE('',#763,#764,#358,.T.);
#928=EDGE_CURVE('',#764,#765,#359,.T.);
#929=EDGE_CURVE('',#765,#766,#360,.T.);
#930=EDGE_CURVE('',#766,#763,#361,.T.);
#931=EDGE_CURVE('',#767,#768,#362,.T.);
#932=EDGE_CURVE('',#768,#769,#363,.T.);
#933=EDGE_CURVE('',#769,#770,#364,.T.);
#934=EDGE_CURVE('',#770,#767,#365,.T.);
#935=EDGE_CURVE('',#771,#772,#366,.T.);
#936=EDGE_CURVE('',#772,#773,#367,.T.);
#937=EDGE_CURVE('',#773,#774,#368,.T.);
#938=EDGE_CURVE('',#774,#771,#369,.T.);
#939=EDGE_CURVE('',#775,#776,#370,.T.);
#940=EDGE_CURVE('',#776,#777,#371,.T.);
#941=EDGE_CURVE('',#777,#778,#372,.T.);
#942=EDGE_CURVE('',#778,#775,#373,.T.);
#943=EDGE_CURVE('',#779,#780,#374,.T.);
#944=EDGE_CURVE('',#780,#781,#375,.T.);
#945=EDGE_CURVE('',#781,#782,#376,.T.);
#946=EDGE_CURVE('',#782,#779,#377,.T.);
#947=EDGE_CURVE('',#783,#784,#378,.T.);
#948=EDGE_CURVE('',#784,#785,#379,.T.);
#949=EDGE_CURVE('',#785,#786,#380,.T.);
#950=EDGE_CURVE('',#786,#783,#381,.T.);
#951=EDGE_CURVE('',#787,#788,#382,.T.);
#952=EDGE_CURVE('',#788,#789,#383,.T.);
#953=EDGE_CURVE('',#789,#790,#384,.T.);
#954=EDGE_CURVE('',#790,#787,#385,.T.);
#955=EDGE_CURVE('',#791,#792,#386,.T.);
#956=EDGE_CURVE('',#792,#793,#387,.T.);
#957=EDGE_CURVE('',#793,#794,#388,.T.);
#958=EDGE_CURVE('',#794,#795,#389,.T.);
#959=EDGE_CURVE('',#795,#796,#390,.T.);
#960=EDGE_CURVE('',#796,#797,#391,.T.);
#961=EDGE_CURVE('',#797,#791,#392,.T.);
#962=EDGE_CURVE('',#743,#798,#393,.T.);
#963=EDGE_CURVE('',#798,#799,#30,.T.);
#964=EDGE_CURVE('',#799,#758,#394,.T.);
#965=EDGE_CURVE('',#755,#799,#395,.T.);
#966=EDGE_CURVE('',#800,#801,#396,.T.);
#967=EDGE_CURVE('',#762,#800,#397,.T.);
#968=EDGE_CURVE('',#761,#801,#398,.T.);
#969=EDGE_CURVE('',#801,#802,#399,.T.);
#970=EDGE_CURVE('',#760,#802,#400,.T.);
#971=EDGE_CURVE('',#802,#803,#401,.T.);
#972=EDGE_CURVE('',#759,#803,#402,.T.);
#973=EDGE_CURVE('',#803,#800,#403,.T.);
#974=EDGE_CURVE('',#804,#805,#404,.T.);
#975=EDGE_CURVE('',#766,#804,#405,.T.);
#976=EDGE_CURVE('',#765,#805,#406,.T.);
#977=EDGE_CURVE('',#805,#806,#407,.T.);
#978=EDGE_CURVE('',#764,#806,#408,.T.);
#979=EDGE_CURVE('',#806,#807,#409,.T.);
#980=EDGE_CURVE('',#763,#807,#410,.T.);
#981=EDGE_CURVE('',#807,#804,#411,.T.);
#982=EDGE_CURVE('',#808,#809,#412,.T.);
#983=EDGE_CURVE('',#770,#808,#413,.T.);
#984=EDGE_CURVE('',#769,#809,#414,.T.);
#985=EDGE_CURVE('',#809,#810,#415,.T.);
#986=EDGE_CURVE('',#768,#810,#416,.T.);
#987=EDGE_CURVE('',#810,#811,#417,.T.);
#988=EDGE_CURVE('',#767,#811,#418,.T.);
#989=EDGE_CURVE('',#811,#808,#419,.T.);
#990=EDGE_CURVE('',#812,#813,#420,.T.);
#991=EDGE_CURVE('',#774,#812,#421,.T.);
#992=EDGE_CURVE('',#773,#813,#422,.T.);
#993=EDGE_CURVE('',#813,#814,#423,.T.);
#994=EDGE_CURVE('',#772,#814,#424,.T.);
#995=EDGE_CURVE('',#814,#815,#425,.T.);
#996=EDGE_CURVE('',#771,#815,#426,.T.);
#997=EDGE_CURVE('',#815,#812,#427,.T.);
#998=EDGE_CURVE('',#816,#817,#428,.T.);
#999=EDGE_CURVE('',#778,#816,#429,.T.);
#1000=EDGE_CURVE('',#777,#817,#430,.T.);
#1001=EDGE_CURVE('',#817,#818,#431,.T.);
#1002=EDGE_CURVE('',#776,#818,#432,.T.);
#1003=EDGE_CURVE('',#818,#819,#433,.T.);
#1004=EDGE_CURVE('',#775,#819,#434,.T.);
#1005=EDGE_CURVE('',#819,#816,#435,.T.);
#1006=EDGE_CURVE('',#820,#821,#436,.T.);
#1007=EDGE_CURVE('',#782,#820,#437,.T.);
#1008=EDGE_CURVE('',#781,#821,#438,.T.);
#1009=EDGE_CURVE('',#821,#822,#439,.T.);
#1010=EDGE_CURVE('',#780,#822,#440,.T.);
#1011=EDGE_CURVE('',#822,#823,#441,.T.);
#1012=EDGE_CURVE('',#779,#823,#442,.T.);
#1013=EDGE_CURVE('',#823,#820,#443,.T.);
#1014=EDGE_CURVE('',#824,#825,#444,.T.);
#1015=EDGE_CURVE('',#786,#824,#445,.T.);
#1016=EDGE_CURVE('',#785,#825,#446,.T.);
#1017=EDGE_CURVE('',#825,#826,#447,.T.);
#1018=EDGE_CURVE('',#784,#826,#448,.T.);
#1019=EDGE_CURVE('',#826,#827,#449,.T.);
#1020=EDGE_CURVE('',#783,#827,#450,.T.);
#1021=EDGE_CURVE('',#827,#824,#451,.T.);
#1022=EDGE_CURVE('',#828,#829,#452,.T.);
#1023=EDGE_CURVE('',#790,#828,#453,.T.);
#1024=EDGE_CURVE('',#789,#829,#454,.T.);
#1025=EDGE_CURVE('',#829,#830,#455,.T.);
#1026=EDGE_CURVE('',#788,#830,#456,.T.);
#1027=EDGE_CURVE('',#830,#831,#457,.T.);
#1028=EDGE_CURVE('',#787,#831,#458,.T.);
#1029=EDGE_CURVE('',#831,#828,#459,.T.);
#1030=EDGE_CURVE('',#749,#739,#460,.T.);
#1031=EDGE_CURVE('',#738,#750,#461,.T.);
#1032=EDGE_CURVE('',#832,#833,#462,.T.);
#1033=EDGE_CURVE('',#795,#832,#463,.T.);
#1034=EDGE_CURVE('',#794,#833,#464,.T.);
#1035=EDGE_CURVE('',#833,#834,#465,.T.);
#1036=EDGE_CURVE('',#793,#834,#466,.T.);
#1037=EDGE_CURVE('',#834,#835,#467,.T.);
#1038=EDGE_CURVE('',#792,#835,#468,.T.);
#1039=EDGE_CURVE('',#835,#836,#469,.T.);
#1040=EDGE_CURVE('',#791,#836,#470,.T.);
#1041=EDGE_CURVE('',#836,#837,#471,.T.);
#1042=EDGE_CURVE('',#797,#837,#472,.T.);
#1043=EDGE_CURVE('',#837,#838,#473,.T.);
#1044=EDGE_CURVE('',#796,#838,#474,.T.);
#1045=EDGE_CURVE('',#838,#832,#475,.T.);
#1046=EDGE_CURVE('',#839,#840,#476,.T.);
#1047=EDGE_CURVE('',#841,#839,#477,.T.);
#1048=EDGE_CURVE('',#842,#841,#478,.T.);
#1049=EDGE_CURVE('',#840,#842,#479,.T.);
#1050=EDGE_CURVE('',#756,#798,#480,.T.);
#1051=EDGE_CURVE('',#752,#736,#481,.T.);
#1052=EDGE_CURVE('',#737,#751,#482,.T.);
#1053=EDGE_CURVE('',#843,#844,#483,.T.);
#1054=EDGE_CURVE('',#844,#845,#484,.T.);
#1055=EDGE_CURVE('',#846,#845,#485,.T.);
#1056=EDGE_CURVE('',#843,#846,#486,.T.);
#1057=EDGE_CURVE('',#847,#843,#487,.T.);
#1058=EDGE_CURVE('',#848,#846,#488,.T.);
#1059=EDGE_CURVE('',#847,#848,#489,.T.);
#1060=EDGE_CURVE('',#849,#847,#490,.T.);
#1061=EDGE_CURVE('',#850,#848,#491,.T.);
#1062=EDGE_CURVE('',#849,#850,#492,.T.);
#1063=EDGE_CURVE('',#844,#849,#493,.T.);
#1064=EDGE_CURVE('',#845,#850,#494,.T.);
#1065=EDGE_CURVE('',#851,#852,#495,.T.);
#1066=EDGE_CURVE('',#852,#853,#496,.T.);
#1067=EDGE_CURVE('',#853,#854,#497,.T.);
#1068=EDGE_CURVE('',#854,#851,#498,.T.);
#1069=EDGE_CURVE('',#841,#853,#31,.T.);
#1070=EDGE_CURVE('',#854,#839,#32,.T.);
#1071=EDGE_CURVE('',#840,#745,#499,.T.);
#1072=EDGE_CURVE('',#744,#851,#500,.T.);
#1073=EDGE_CURVE('',#746,#842,#501,.T.);
#1074=EDGE_CURVE('',#747,#852,#502,.T.);
#1075=EDGE_CURVE('',#855,#856,#33,.T.);
#1076=EDGE_CURVE('',#856,#857,#503,.T.);
#1077=EDGE_CURVE('',#857,#858,#34,.T.);
#1078=EDGE_CURVE('',#858,#855,#504,.T.);
#1079=EDGE_CURVE('',#859,#858,#505,.T.);
#1080=EDGE_CURVE('',#860,#859,#506,.T.);
#1081=EDGE_CURVE('',#855,#860,#507,.T.);
#1082=EDGE_CURVE('',#857,#861,#508,.T.);
#1083=EDGE_CURVE('',#862,#861,#35,.T.);
#1084=EDGE_CURVE('',#862,#863,#509,.T.);
#1085=EDGE_CURVE('',#864,#863,#36,.T.);
#1086=EDGE_CURVE('',#864,#865,#510,.T.);
#1087=EDGE_CURVE('',#859,#865,#37,.T.);
#1088=EDGE_CURVE('',#866,#860,#38,.T.);
#1089=EDGE_CURVE('',#865,#866,#511,.T.);
#1090=EDGE_CURVE('',#867,#864,#512,.T.);
#1091=EDGE_CURVE('',#866,#867,#513,.T.);
#1092=EDGE_CURVE('',#868,#867,#39,.T.);
#1093=EDGE_CURVE('',#863,#868,#514,.T.);
#1094=EDGE_CURVE('',#869,#862,#515,.T.);
#1095=EDGE_CURVE('',#868,#869,#516,.T.);
#1096=EDGE_CURVE('',#870,#869,#40,.T.);
#1097=EDGE_CURVE('',#861,#870,#517,.T.);
#1098=EDGE_CURVE('',#870,#856,#518,.T.);
#1099=ORIENTED_EDGE('',*,*,#871,.T.);
#1100=ORIENTED_EDGE('',*,*,#872,.T.);
#1101=ORIENTED_EDGE('',*,*,#873,.F.);
#1102=ORIENTED_EDGE('',*,*,#874,.T.);
#1103=ORIENTED_EDGE('',*,*,#875,.T.);
#1104=ORIENTED_EDGE('',*,*,#876,.T.);
#1105=ORIENTED_EDGE('',*,*,#877,.F.);
#1106=ORIENTED_EDGE('',*,*,#872,.F.);
#1107=ORIENTED_EDGE('',*,*,#878,.T.);
#1108=ORIENTED_EDGE('',*,*,#879,.T.);
#1109=ORIENTED_EDGE('',*,*,#880,.F.);
#1110=ORIENTED_EDGE('',*,*,#876,.F.);
#1111=ORIENTED_EDGE('',*,*,#881,.F.);
#1112=ORIENTED_EDGE('',*,*,#879,.F.);
#1113=ORIENTED_EDGE('',*,*,#882,.T.);
#1114=ORIENTED_EDGE('',*,*,#874,.F.);
#1115=ORIENTED_EDGE('',*,*,#883,.F.);
#1116=ORIENTED_EDGE('',*,*,#884,.T.);
#1117=ORIENTED_EDGE('',*,*,#885,.F.);
#1118=ORIENTED_EDGE('',*,*,#886,.F.);
#1119=ORIENTED_EDGE('',*,*,#871,.F.);
#1120=ORIENTED_EDGE('',*,*,#882,.F.);
#1121=ORIENTED_EDGE('',*,*,#878,.F.);
#1122=ORIENTED_EDGE('',*,*,#875,.F.);
#1123=ORIENTED_EDGE('',*,*,#887,.T.);
#1124=ORIENTED_EDGE('',*,*,#888,.T.);
#1125=ORIENTED_EDGE('',*,*,#889,.T.);
#1126=ORIENTED_EDGE('',*,*,#883,.T.);
#1127=ORIENTED_EDGE('',*,*,#888,.F.);
#1128=ORIENTED_EDGE('',*,*,#890,.F.);
#1129=ORIENTED_EDGE('',*,*,#891,.F.);
#1130=ORIENTED_EDGE('',*,*,#892,.F.);
#1131=ORIENTED_EDGE('',*,*,#893,.T.);
#1132=ORIENTED_EDGE('',*,*,#894,.T.);
#1133=ORIENTED_EDGE('',*,*,#895,.F.);
#1134=ORIENTED_EDGE('',*,*,#896,.F.);
#1135=ORIENTED_EDGE('',*,*,#897,.F.);
#1136=ORIENTED_EDGE('',*,*,#887,.F.);
#1137=ORIENTED_EDGE('',*,*,#886,.T.);
#1138=ORIENTED_EDGE('',*,*,#898,.F.);
#1139=ORIENTED_EDGE('',*,*,#899,.T.);
#1140=ORIENTED_EDGE('',*,*,#900,.F.);
#1141=ORIENTED_EDGE('',*,*,#901,.T.);
#1142=ORIENTED_EDGE('',*,*,#902,.F.);
#1143=ORIENTED_EDGE('',*,*,#890,.T.);
#1144=ORIENTED_EDGE('',*,*,#903,.T.);
#1145=ORIENTED_EDGE('',*,*,#904,.T.);
#1146=ORIENTED_EDGE('',*,*,#905,.T.);
#1147=ORIENTED_EDGE('',*,*,#906,.T.);
#1148=ORIENTED_EDGE('',*,*,#907,.T.);
#1149=ORIENTED_EDGE('',*,*,#908,.T.);
#1150=ORIENTED_EDGE('',*,*,#898,.T.);
#1151=ORIENTED_EDGE('',*,*,#885,.T.);
#1152=ORIENTED_EDGE('',*,*,#908,.F.);
#1153=ORIENTED_EDGE('',*,*,#909,.F.);
#1154=ORIENTED_EDGE('',*,*,#910,.F.);
#1155=ORIENTED_EDGE('',*,*,#911,.F.);
#1156=ORIENTED_EDGE('',*,*,#912,.F.);
#1157=ORIENTED_EDGE('',*,*,#913,.F.);
#1158=ORIENTED_EDGE('',*,*,#914,.T.);
#1159=ORIENTED_EDGE('',*,*,#915,.F.);
#1160=ORIENTED_EDGE('',*,*,#899,.F.);
#1161=ORIENTED_EDGE('',*,*,#916,.T.);
#1162=ORIENTED_EDGE('',*,*,#917,.T.);
#1163=ORIENTED_EDGE('',*,*,#900,.T.);
#1164=ORIENTED_EDGE('',*,*,#915,.T.);
#1165=ORIENTED_EDGE('',*,*,#918,.T.);
#1166=ORIENTED_EDGE('',*,*,#919,.T.);
#1167=ORIENTED_EDGE('',*,*,#918,.F.);
#1168=ORIENTED_EDGE('',*,*,#914,.F.);
#1169=ORIENTED_EDGE('',*,*,#920,.T.);
#1170=ORIENTED_EDGE('',*,*,#892,.T.);
#1171=ORIENTED_EDGE('',*,*,#921,.F.);
#1172=ORIENTED_EDGE('',*,*,#922,.F.);
#1173=ORIENTED_EDGE('',*,*,#923,.T.);
#1174=ORIENTED_EDGE('',*,*,#924,.T.);
#1175=ORIENTED_EDGE('',*,*,#925,.T.);
#1176=ORIENTED_EDGE('',*,*,#926,.T.);
#1177=ORIENTED_EDGE('',*,*,#927,.T.);
#1178=ORIENTED_EDGE('',*,*,#928,.T.);
#1179=ORIENTED_EDGE('',*,*,#929,.T.);
#1180=ORIENTED_EDGE('',*,*,#930,.T.);
#1181=ORIENTED_EDGE('',*,*,#931,.T.);
#1182=ORIENTED_EDGE('',*,*,#932,.T.);
#1183=ORIENTED_EDGE('',*,*,#933,.T.);
#1184=ORIENTED_EDGE('',*,*,#934,.T.);
#1185=ORIENTED_EDGE('',*,*,#935,.T.);
#1186=ORIENTED_EDGE('',*,*,#936,.T.);
#1187=ORIENTED_EDGE('',*,*,#937,.T.);
#1188=ORIENTED_EDGE('',*,*,#938,.T.);
#1189=ORIENTED_EDGE('',*,*,#939,.T.);
#1190=ORIENTED_EDGE('',*,*,#940,.T.);
#1191=ORIENTED_EDGE('',*,*,#941,.T.);
#1192=ORIENTED_EDGE('',*,*,#942,.T.);
#1193=ORIENTED_EDGE('',*,*,#943,.T.);
#1194=ORIENTED_EDGE('',*,*,#944,.T.);
#1195=ORIENTED_EDGE('',*,*,#945,.T.);
#1196=ORIENTED_EDGE('',*,*,#946,.T.);
#1197=ORIENTED_EDGE('',*,*,#947,.T.);
#1198=ORIENTED_EDGE('',*,*,#948,.T.);
#1199=ORIENTED_EDGE('',*,*,#949,.T.);
#1200=ORIENTED_EDGE('',*,*,#950,.T.);
#1201=ORIENTED_EDGE('',*,*,#951,.T.);
#1202=ORIENTED_EDGE('',*,*,#952,.T.);
#1203=ORIENTED_EDGE('',*,*,#953,.T.);
#1204=ORIENTED_EDGE('',*,*,#954,.T.);
#1205=ORIENTED_EDGE('',*,*,#955,.T.);
#1206=ORIENTED_EDGE('',*,*,#956,.T.);
#1207=ORIENTED_EDGE('',*,*,#957,.T.);
#1208=ORIENTED_EDGE('',*,*,#958,.T.);
#1209=ORIENTED_EDGE('',*,*,#959,.T.);
#1210=ORIENTED_EDGE('',*,*,#960,.T.);
#1211=ORIENTED_EDGE('',*,*,#961,.T.);
#1212=ORIENTED_EDGE('',*,*,#921,.T.);
#1213=ORIENTED_EDGE('',*,*,#891,.T.);
#1214=ORIENTED_EDGE('',*,*,#902,.T.);
#1215=ORIENTED_EDGE('',*,*,#962,.T.);
#1216=ORIENTED_EDGE('',*,*,#963,.T.);
#1217=ORIENTED_EDGE('',*,*,#964,.T.);
#1218=ORIENTED_EDGE('',*,*,#919,.F.);
#1219=ORIENTED_EDGE('',*,*,#922,.T.);
#1220=ORIENTED_EDGE('',*,*,#964,.F.);
#1221=ORIENTED_EDGE('',*,*,#965,.F.);
#1222=ORIENTED_EDGE('',*,*,#966,.F.);
#1223=ORIENTED_EDGE('',*,*,#967,.F.);
#1224=ORIENTED_EDGE('',*,*,#925,.F.);
#1225=ORIENTED_EDGE('',*,*,#968,.T.);
#1226=ORIENTED_EDGE('',*,*,#969,.F.);
#1227=ORIENTED_EDGE('',*,*,#968,.F.);
#1228=ORIENTED_EDGE('',*,*,#924,.F.);
#1229=ORIENTED_EDGE('',*,*,#970,.T.);
#1230=ORIENTED_EDGE('',*,*,#971,.F.);
#1231=ORIENTED_EDGE('',*,*,#970,.F.);
#1232=ORIENTED_EDGE('',*,*,#923,.F.);
#1233=ORIENTED_EDGE('',*,*,#972,.T.);
#1234=ORIENTED_EDGE('',*,*,#973,.F.);
#1235=ORIENTED_EDGE('',*,*,#972,.F.);
#1236=ORIENTED_EDGE('',*,*,#926,.F.);
#1237=ORIENTED_EDGE('',*,*,#967,.T.);
#1238=ORIENTED_EDGE('',*,*,#974,.F.);
#1239=ORIENTED_EDGE('',*,*,#975,.F.);
#1240=ORIENTED_EDGE('',*,*,#929,.F.);
#1241=ORIENTED_EDGE('',*,*,#976,.T.);
#1242=ORIENTED_EDGE('',*,*,#977,.F.);
#1243=ORIENTED_EDGE('',*,*,#976,.F.);
#1244=ORIENTED_EDGE('',*,*,#928,.F.);
#1245=ORIENTED_EDGE('',*,*,#978,.T.);
#1246=ORIENTED_EDGE('',*,*,#979,.F.);
#1247=ORIENTED_EDGE('',*,*,#978,.F.);
#1248=ORIENTED_EDGE('',*,*,#927,.F.);
#1249=ORIENTED_EDGE('',*,*,#980,.T.);
#1250=ORIENTED_EDGE('',*,*,#981,.F.);
#1251=ORIENTED_EDGE('',*,*,#980,.F.);
#1252=ORIENTED_EDGE('',*,*,#930,.F.);
#1253=ORIENTED_EDGE('',*,*,#975,.T.);
#1254=ORIENTED_EDGE('',*,*,#982,.F.);
#1255=ORIENTED_EDGE('',*,*,#983,.F.);
#1256=ORIENTED_EDGE('',*,*,#933,.F.);
#1257=ORIENTED_EDGE('',*,*,#984,.T.);
#1258=ORIENTED_EDGE('',*,*,#985,.F.);
#1259=ORIENTED_EDGE('',*,*,#984,.F.);
#1260=ORIENTED_EDGE('',*,*,#932,.F.);
#1261=ORIENTED_EDGE('',*,*,#986,.T.);
#1262=ORIENTED_EDGE('',*,*,#987,.F.);
#1263=ORIENTED_EDGE('',*,*,#986,.F.);
#1264=ORIENTED_EDGE('',*,*,#931,.F.);
#1265=ORIENTED_EDGE('',*,*,#988,.T.);
#1266=ORIENTED_EDGE('',*,*,#989,.F.);
#1267=ORIENTED_EDGE('',*,*,#988,.F.);
#1268=ORIENTED_EDGE('',*,*,#934,.F.);
#1269=ORIENTED_EDGE('',*,*,#983,.T.);
#1270=ORIENTED_EDGE('',*,*,#990,.F.);
#1271=ORIENTED_EDGE('',*,*,#991,.F.);
#1272=ORIENTED_EDGE('',*,*,#937,.F.);
#1273=ORIENTED_EDGE('',*,*,#992,.T.);
#1274=ORIENTED_EDGE('',*,*,#993,.F.);
#1275=ORIENTED_EDGE('',*,*,#992,.F.);
#1276=ORIENTED_EDGE('',*,*,#936,.F.);
#1277=ORIENTED_EDGE('',*,*,#994,.T.);
#1278=ORIENTED_EDGE('',*,*,#995,.F.);
#1279=ORIENTED_EDGE('',*,*,#994,.F.);
#1280=ORIENTED_EDGE('',*,*,#935,.F.);
#1281=ORIENTED_EDGE('',*,*,#996,.T.);
#1282=ORIENTED_EDGE('',*,*,#997,.F.);
#1283=ORIENTED_EDGE('',*,*,#996,.F.);
#1284=ORIENTED_EDGE('',*,*,#938,.F.);
#1285=ORIENTED_EDGE('',*,*,#991,.T.);
#1286=ORIENTED_EDGE('',*,*,#998,.F.);
#1287=ORIENTED_EDGE('',*,*,#999,.F.);
#1288=ORIENTED_EDGE('',*,*,#941,.F.);
#1289=ORIENTED_EDGE('',*,*,#1000,.T.);
#1290=ORIENTED_EDGE('',*,*,#1001,.F.);
#1291=ORIENTED_EDGE('',*,*,#1000,.F.);
#1292=ORIENTED_EDGE('',*,*,#940,.F.);
#1293=ORIENTED_EDGE('',*,*,#1002,.T.);
#1294=ORIENTED_EDGE('',*,*,#1003,.F.);
#1295=ORIENTED_EDGE('',*,*,#1002,.F.);
#1296=ORIENTED_EDGE('',*,*,#939,.F.);
#1297=ORIENTED_EDGE('',*,*,#1004,.T.);
#1298=ORIENTED_EDGE('',*,*,#1005,.F.);
#1299=ORIENTED_EDGE('',*,*,#1004,.F.);
#1300=ORIENTED_EDGE('',*,*,#942,.F.);
#1301=ORIENTED_EDGE('',*,*,#999,.T.);
#1302=ORIENTED_EDGE('',*,*,#1006,.F.);
#1303=ORIENTED_EDGE('',*,*,#1007,.F.);
#1304=ORIENTED_EDGE('',*,*,#945,.F.);
#1305=ORIENTED_EDGE('',*,*,#1008,.T.);
#1306=ORIENTED_EDGE('',*,*,#1009,.F.);
#1307=ORIENTED_EDGE('',*,*,#1008,.F.);
#1308=ORIENTED_EDGE('',*,*,#944,.F.);
#1309=ORIENTED_EDGE('',*,*,#1010,.T.);
#1310=ORIENTED_EDGE('',*,*,#1011,.F.);
#1311=ORIENTED_EDGE('',*,*,#1010,.F.);
#1312=ORIENTED_EDGE('',*,*,#943,.F.);
#1313=ORIENTED_EDGE('',*,*,#1012,.T.);
#1314=ORIENTED_EDGE('',*,*,#1013,.F.);
#1315=ORIENTED_EDGE('',*,*,#1012,.F.);
#1316=ORIENTED_EDGE('',*,*,#946,.F.);
#1317=ORIENTED_EDGE('',*,*,#1007,.T.);
#1318=ORIENTED_EDGE('',*,*,#1014,.F.);
#1319=ORIENTED_EDGE('',*,*,#1015,.F.);
#1320=ORIENTED_EDGE('',*,*,#949,.F.);
#1321=ORIENTED_EDGE('',*,*,#1016,.T.);
#1322=ORIENTED_EDGE('',*,*,#1017,.F.);
#1323=ORIENTED_EDGE('',*,*,#1016,.F.);
#1324=ORIENTED_EDGE('',*,*,#948,.F.);
#1325=ORIENTED_EDGE('',*,*,#1018,.T.);
#1326=ORIENTED_EDGE('',*,*,#1019,.F.);
#1327=ORIENTED_EDGE('',*,*,#1018,.F.);
#1328=ORIENTED_EDGE('',*,*,#947,.F.);
#1329=ORIENTED_EDGE('',*,*,#1020,.T.);
#1330=ORIENTED_EDGE('',*,*,#1021,.F.);
#1331=ORIENTED_EDGE('',*,*,#1020,.F.);
#1332=ORIENTED_EDGE('',*,*,#950,.F.);
#1333=ORIENTED_EDGE('',*,*,#1015,.T.);
#1334=ORIENTED_EDGE('',*,*,#1022,.F.);
#1335=ORIENTED_EDGE('',*,*,#1023,.F.);
#1336=ORIENTED_EDGE('',*,*,#953,.F.);
#1337=ORIENTED_EDGE('',*,*,#1024,.T.);
#1338=ORIENTED_EDGE('',*,*,#1025,.F.);
#1339=ORIENTED_EDGE('',*,*,#1024,.F.);
#1340=ORIENTED_EDGE('',*,*,#952,.F.);
#1341=ORIENTED_EDGE('',*,*,#1026,.T.);
#1342=ORIENTED_EDGE('',*,*,#1027,.F.);
#1343=ORIENTED_EDGE('',*,*,#1026,.F.);
#1344=ORIENTED_EDGE('',*,*,#951,.F.);
#1345=ORIENTED_EDGE('',*,*,#1028,.T.);
#1346=ORIENTED_EDGE('',*,*,#1029,.F.);
#1347=ORIENTED_EDGE('',*,*,#1028,.F.);
#1348=ORIENTED_EDGE('',*,*,#954,.F.);
#1349=ORIENTED_EDGE('',*,*,#1023,.T.);
#1350=ORIENTED_EDGE('',*,*,#910,.T.);
#1351=ORIENTED_EDGE('',*,*,#1030,.T.);
#1352=ORIENTED_EDGE('',*,*,#896,.T.);
#1353=ORIENTED_EDGE('',*,*,#1031,.T.);
#1354=ORIENTED_EDGE('',*,*,#1032,.F.);
#1355=ORIENTED_EDGE('',*,*,#1033,.F.);
#1356=ORIENTED_EDGE('',*,*,#958,.F.);
#1357=ORIENTED_EDGE('',*,*,#1034,.T.);
#1358=ORIENTED_EDGE('',*,*,#1035,.F.);
#1359=ORIENTED_EDGE('',*,*,#1034,.F.);
#1360=ORIENTED_EDGE('',*,*,#957,.F.);
#1361=ORIENTED_EDGE('',*,*,#1036,.T.);
#1362=ORIENTED_EDGE('',*,*,#1037,.F.);
#1363=ORIENTED_EDGE('',*,*,#1036,.F.);
#1364=ORIENTED_EDGE('',*,*,#956,.F.);
#1365=ORIENTED_EDGE('',*,*,#1038,.T.);
#1366=ORIENTED_EDGE('',*,*,#1039,.F.);
#1367=ORIENTED_EDGE('',*,*,#1038,.F.);
#1368=ORIENTED_EDGE('',*,*,#955,.F.);
#1369=ORIENTED_EDGE('',*,*,#1040,.T.);
#1370=ORIENTED_EDGE('',*,*,#1041,.F.);
#1371=ORIENTED_EDGE('',*,*,#1040,.F.);
#1372=ORIENTED_EDGE('',*,*,#961,.F.);
#1373=ORIENTED_EDGE('',*,*,#1042,.T.);
#1374=ORIENTED_EDGE('',*,*,#1043,.F.);
#1375=ORIENTED_EDGE('',*,*,#1042,.F.);
#1376=ORIENTED_EDGE('',*,*,#960,.F.);
#1377=ORIENTED_EDGE('',*,*,#1044,.T.);
#1378=ORIENTED_EDGE('',*,*,#1045,.F.);
#1379=ORIENTED_EDGE('',*,*,#1044,.F.);
#1380=ORIENTED_EDGE('',*,*,#959,.F.);
#1381=ORIENTED_EDGE('',*,*,#1033,.T.);
#1382=ORIENTED_EDGE('',*,*,#1046,.F.);
#1383=ORIENTED_EDGE('',*,*,#1047,.F.);
#1384=ORIENTED_EDGE('',*,*,#1048,.F.);
#1385=ORIENTED_EDGE('',*,*,#1049,.F.);
#1386=ORIENTED_EDGE('',*,*,#971,.T.);
#1387=ORIENTED_EDGE('',*,*,#973,.T.);
#1388=ORIENTED_EDGE('',*,*,#966,.T.);
#1389=ORIENTED_EDGE('',*,*,#969,.T.);
#1390=ORIENTED_EDGE('',*,*,#979,.T.);
#1391=ORIENTED_EDGE('',*,*,#981,.T.);
#1392=ORIENTED_EDGE('',*,*,#974,.T.);
#1393=ORIENTED_EDGE('',*,*,#977,.T.);
#1394=ORIENTED_EDGE('',*,*,#987,.T.);
#1395=ORIENTED_EDGE('',*,*,#989,.T.);
#1396=ORIENTED_EDGE('',*,*,#982,.T.);
#1397=ORIENTED_EDGE('',*,*,#985,.T.);
#1398=ORIENTED_EDGE('',*,*,#995,.T.);
#1399=ORIENTED_EDGE('',*,*,#997,.T.);
#1400=ORIENTED_EDGE('',*,*,#990,.T.);
#1401=ORIENTED_EDGE('',*,*,#993,.T.);
#1402=ORIENTED_EDGE('',*,*,#1003,.T.);
#1403=ORIENTED_EDGE('',*,*,#1005,.T.);
#1404=ORIENTED_EDGE('',*,*,#998,.T.);
#1405=ORIENTED_EDGE('',*,*,#1001,.T.);
#1406=ORIENTED_EDGE('',*,*,#1011,.T.);
#1407=ORIENTED_EDGE('',*,*,#1013,.T.);
#1408=ORIENTED_EDGE('',*,*,#1006,.T.);
#1409=ORIENTED_EDGE('',*,*,#1009,.T.);
#1410=ORIENTED_EDGE('',*,*,#1019,.T.);
#1411=ORIENTED_EDGE('',*,*,#1021,.T.);
#1412=ORIENTED_EDGE('',*,*,#1014,.T.);
#1413=ORIENTED_EDGE('',*,*,#1017,.T.);
#1414=ORIENTED_EDGE('',*,*,#1027,.T.);
#1415=ORIENTED_EDGE('',*,*,#1029,.T.);
#1416=ORIENTED_EDGE('',*,*,#1022,.T.);
#1417=ORIENTED_EDGE('',*,*,#1025,.T.);
#1418=ORIENTED_EDGE('',*,*,#1039,.T.);
#1419=ORIENTED_EDGE('',*,*,#1041,.T.);
#1420=ORIENTED_EDGE('',*,*,#1043,.T.);
#1421=ORIENTED_EDGE('',*,*,#1045,.T.);
#1422=ORIENTED_EDGE('',*,*,#1032,.T.);
#1423=ORIENTED_EDGE('',*,*,#1035,.T.);
#1424=ORIENTED_EDGE('',*,*,#1037,.T.);
#1425=ORIENTED_EDGE('',*,*,#916,.F.);
#1426=ORIENTED_EDGE('',*,*,#965,.T.);
#1427=ORIENTED_EDGE('',*,*,#963,.F.);
#1428=ORIENTED_EDGE('',*,*,#1050,.F.);
#1429=ORIENTED_EDGE('',*,*,#1051,.F.);
#1430=ORIENTED_EDGE('',*,*,#912,.T.);
#1431=ORIENTED_EDGE('',*,*,#1052,.F.);
#1432=ORIENTED_EDGE('',*,*,#894,.F.);
#1433=ORIENTED_EDGE('',*,*,#1031,.F.);
#1434=ORIENTED_EDGE('',*,*,#895,.T.);
#1435=ORIENTED_EDGE('',*,*,#1052,.T.);
#1436=ORIENTED_EDGE('',*,*,#911,.T.);
#1437=ORIENTED_EDGE('',*,*,#1053,.T.);
#1438=ORIENTED_EDGE('',*,*,#1054,.T.);
#1439=ORIENTED_EDGE('',*,*,#1055,.F.);
#1440=ORIENTED_EDGE('',*,*,#1056,.F.);
#1441=ORIENTED_EDGE('',*,*,#1057,.T.);
#1442=ORIENTED_EDGE('',*,*,#1056,.T.);
#1443=ORIENTED_EDGE('',*,*,#1058,.F.);
#1444=ORIENTED_EDGE('',*,*,#1059,.F.);
#1445=ORIENTED_EDGE('',*,*,#1060,.T.);
#1446=ORIENTED_EDGE('',*,*,#1059,.T.);
#1447=ORIENTED_EDGE('',*,*,#1061,.F.);
#1448=ORIENTED_EDGE('',*,*,#1062,.F.);
#1449=ORIENTED_EDGE('',*,*,#1063,.T.);
#1450=ORIENTED_EDGE('',*,*,#1062,.T.);
#1451=ORIENTED_EDGE('',*,*,#1064,.F.);
#1452=ORIENTED_EDGE('',*,*,#1054,.F.);
#1453=ORIENTED_EDGE('',*,*,#889,.F.);
#1454=ORIENTED_EDGE('',*,*,#897,.T.);
#1455=ORIENTED_EDGE('',*,*,#1030,.F.);
#1456=ORIENTED_EDGE('',*,*,#909,.T.);
#1457=ORIENTED_EDGE('',*,*,#907,.F.);
#1458=ORIENTED_EDGE('',*,*,#884,.F.);
#1459=ORIENTED_EDGE('',*,*,#1064,.T.);
#1460=ORIENTED_EDGE('',*,*,#1061,.T.);
#1461=ORIENTED_EDGE('',*,*,#1058,.T.);
#1462=ORIENTED_EDGE('',*,*,#1055,.T.);
#1463=ORIENTED_EDGE('',*,*,#1065,.T.);
#1464=ORIENTED_EDGE('',*,*,#1066,.T.);
#1465=ORIENTED_EDGE('',*,*,#1067,.T.);
#1466=ORIENTED_EDGE('',*,*,#1068,.T.);
#1467=ORIENTED_EDGE('',*,*,#1063,.F.);
#1468=ORIENTED_EDGE('',*,*,#1053,.F.);
#1469=ORIENTED_EDGE('',*,*,#1057,.F.);
#1470=ORIENTED_EDGE('',*,*,#1060,.F.);
#1471=ORIENTED_EDGE('',*,*,#1069,.F.);
#1472=ORIENTED_EDGE('',*,*,#1047,.T.);
#1473=ORIENTED_EDGE('',*,*,#1070,.F.);
#1474=ORIENTED_EDGE('',*,*,#1067,.F.);
#1475=ORIENTED_EDGE('',*,*,#913,.T.);
#1476=ORIENTED_EDGE('',*,*,#1051,.T.);
#1477=ORIENTED_EDGE('',*,*,#893,.F.);
#1478=ORIENTED_EDGE('',*,*,#920,.F.);
#1479=ORIENTED_EDGE('',*,*,#917,.F.);
#1480=ORIENTED_EDGE('',*,*,#1050,.T.);
#1481=ORIENTED_EDGE('',*,*,#962,.F.);
#1482=ORIENTED_EDGE('',*,*,#901,.F.);
#1483=ORIENTED_EDGE('',*,*,#1070,.T.);
#1484=ORIENTED_EDGE('',*,*,#1046,.T.);
#1485=ORIENTED_EDGE('',*,*,#1071,.T.);
#1486=ORIENTED_EDGE('',*,*,#903,.F.);
#1487=ORIENTED_EDGE('',*,*,#1072,.T.);
#1488=ORIENTED_EDGE('',*,*,#1068,.F.);
#1489=ORIENTED_EDGE('',*,*,#1049,.T.);
#1490=ORIENTED_EDGE('',*,*,#1073,.F.);
#1491=ORIENTED_EDGE('',*,*,#904,.F.);
#1492=ORIENTED_EDGE('',*,*,#1071,.F.);
#1493=ORIENTED_EDGE('',*,*,#1069,.T.);
#1494=ORIENTED_EDGE('',*,*,#1066,.F.);
#1495=ORIENTED_EDGE('',*,*,#1074,.F.);
#1496=ORIENTED_EDGE('',*,*,#905,.F.);
#1497=ORIENTED_EDGE('',*,*,#1073,.T.);
#1498=ORIENTED_EDGE('',*,*,#1048,.T.);
#1499=ORIENTED_EDGE('',*,*,#1074,.T.);
#1500=ORIENTED_EDGE('',*,*,#1065,.F.);
#1501=ORIENTED_EDGE('',*,*,#1072,.F.);
#1502=ORIENTED_EDGE('',*,*,#906,.F.);
#1503=ORIENTED_EDGE('',*,*,#873,.T.);
#1504=ORIENTED_EDGE('',*,*,#877,.T.);
#1505=ORIENTED_EDGE('',*,*,#880,.T.);
#1506=ORIENTED_EDGE('',*,*,#881,.T.);
#1507=ORIENTED_EDGE('',*,*,#1075,.T.);
#1508=ORIENTED_EDGE('',*,*,#1076,.T.);
#1509=ORIENTED_EDGE('',*,*,#1077,.T.);
#1510=ORIENTED_EDGE('',*,*,#1078,.T.);
#1511=ORIENTED_EDGE('',*,*,#1078,.F.);
#1512=ORIENTED_EDGE('',*,*,#1079,.F.);
#1513=ORIENTED_EDGE('',*,*,#1080,.F.);
#1514=ORIENTED_EDGE('',*,*,#1081,.F.);
#1515=ORIENTED_EDGE('',*,*,#1077,.F.);
#1516=ORIENTED_EDGE('',*,*,#1082,.T.);
#1517=ORIENTED_EDGE('',*,*,#1083,.F.);
#1518=ORIENTED_EDGE('',*,*,#1084,.T.);
#1519=ORIENTED_EDGE('',*,*,#1085,.F.);
#1520=ORIENTED_EDGE('',*,*,#1086,.T.);
#1521=ORIENTED_EDGE('',*,*,#1087,.F.);
#1522=ORIENTED_EDGE('',*,*,#1079,.T.);
#1523=ORIENTED_EDGE('',*,*,#1088,.T.);
#1524=ORIENTED_EDGE('',*,*,#1080,.T.);
#1525=ORIENTED_EDGE('',*,*,#1087,.T.);
#1526=ORIENTED_EDGE('',*,*,#1089,.T.);
#1527=ORIENTED_EDGE('',*,*,#1089,.F.);
#1528=ORIENTED_EDGE('',*,*,#1086,.F.);
#1529=ORIENTED_EDGE('',*,*,#1090,.F.);
#1530=ORIENTED_EDGE('',*,*,#1091,.F.);
#1531=ORIENTED_EDGE('',*,*,#1092,.T.);
#1532=ORIENTED_EDGE('',*,*,#1090,.T.);
#1533=ORIENTED_EDGE('',*,*,#1085,.T.);
#1534=ORIENTED_EDGE('',*,*,#1093,.T.);
#1535=ORIENTED_EDGE('',*,*,#1093,.F.);
#1536=ORIENTED_EDGE('',*,*,#1084,.F.);
#1537=ORIENTED_EDGE('',*,*,#1094,.F.);
#1538=ORIENTED_EDGE('',*,*,#1095,.F.);
#1539=ORIENTED_EDGE('',*,*,#1096,.T.);
#1540=ORIENTED_EDGE('',*,*,#1094,.T.);
#1541=ORIENTED_EDGE('',*,*,#1083,.T.);
#1542=ORIENTED_EDGE('',*,*,#1097,.T.);
#1543=ORIENTED_EDGE('',*,*,#1076,.F.);
#1544=ORIENTED_EDGE('',*,*,#1098,.F.);
#1545=ORIENTED_EDGE('',*,*,#1097,.F.);
#1546=ORIENTED_EDGE('',*,*,#1082,.F.);
#1547=ORIENTED_EDGE('',*,*,#1075,.F.);
#1548=ORIENTED_EDGE('',*,*,#1081,.T.);
#1549=ORIENTED_EDGE('',*,*,#1088,.F.);
#1550=ORIENTED_EDGE('',*,*,#1091,.T.);
#1551=ORIENTED_EDGE('',*,*,#1092,.F.);
#1552=ORIENTED_EDGE('',*,*,#1095,.T.);
#1553=ORIENTED_EDGE('',*,*,#1096,.F.);
#1554=ORIENTED_EDGE('',*,*,#1098,.T.);
#1555=CYLINDRICAL_SURFACE('',#1654,1.);
#1556=CYLINDRICAL_SURFACE('',#1657,1.);
#1557=CYLINDRICAL_SURFACE('',#1659,1.);
#1558=CYLINDRICAL_SURFACE('',#1661,1.);
#1559=CYLINDRICAL_SURFACE('',#1663,2.5);
#1560=CYLINDRICAL_SURFACE('',#1673,2.5);
#1561=CYLINDRICAL_SURFACE('',#1678,2.5);
#1562=CYLINDRICAL_SURFACE('',#1683,2.5);
#1563=CYLINDRICAL_SURFACE('',#1718,0.750000000000004);
#1564=CYLINDRICAL_SURFACE('',#1736,7.31068706241029);
#1565=CYLINDRICAL_SURFACE('',#1739,6.81068706241029);
#1566=CYLINDRICAL_SURFACE('',#1745,2.5);
#1567=CYLINDRICAL_SURFACE('',#1753,2.5);
#1568=CYLINDRICAL_SURFACE('',#1756,2.5);
#1569=CYLINDRICAL_SURFACE('',#1759,2.5);
#1570=ADVANCED_FACE('',(#130),#1555,.T.);
#1571=ADVANCED_FACE('',(#131),#1556,.T.);
#1572=ADVANCED_FACE('',(#132),#1557,.T.);
#1573=ADVANCED_FACE('',(#133),#1558,.T.);
#1574=ADVANCED_FACE('',(#134,#41),#64,.T.);
#1575=ADVANCED_FACE('',(#135),#1559,.T.);
#1576=ADVANCED_FACE('',(#136),#65,.T.);
#1577=ADVANCED_FACE('',(#137,#42),#66,.T.);
#1578=ADVANCED_FACE('',(#138),#1560,.T.);
#1579=ADVANCED_FACE('',(#139),#67,.T.);
#1580=ADVANCED_FACE('',(#140),#1561,.T.);
#1581=ADVANCED_FACE('',(#141,#43,#44,#45,#46,#47,#48,#49,#50,#51),#68,.T.);
#1582=ADVANCED_FACE('',(#142),#1562,.T.);
#1583=ADVANCED_FACE('',(#143),#69,.T.);
#1584=ADVANCED_FACE('',(#144),#70,.F.);
#1585=ADVANCED_FACE('',(#145),#71,.F.);
#1586=ADVANCED_FACE('',(#146),#72,.F.);
#1587=ADVANCED_FACE('',(#147),#73,.F.);
#1588=ADVANCED_FACE('',(#148),#74,.F.);
#1589=ADVANCED_FACE('',(#149),#75,.F.);
#1590=ADVANCED_FACE('',(#150),#76,.F.);
#1591=ADVANCED_FACE('',(#151),#77,.F.);
#1592=ADVANCED_FACE('',(#152),#78,.F.);
#1593=ADVANCED_FACE('',(#153),#79,.F.);
#1594=ADVANCED_FACE('',(#154),#80,.F.);
#1595=ADVANCED_FACE('',(#155),#81,.F.);
#1596=ADVANCED_FACE('',(#156),#82,.F.);
#1597=ADVANCED_FACE('',(#157),#83,.F.);
#1598=ADVANCED_FACE('',(#158),#84,.F.);
#1599=ADVANCED_FACE('',(#159),#85,.F.);
#1600=ADVANCED_FACE('',(#160),#86,.F.);
#1601=ADVANCED_FACE('',(#161),#87,.F.);
#1602=ADVANCED_FACE('',(#162),#88,.F.);
#1603=ADVANCED_FACE('',(#163),#89,.F.);
#1604=ADVANCED_FACE('',(#164),#90,.F.);
#1605=ADVANCED_FACE('',(#165),#91,.F.);
#1606=ADVANCED_FACE('',(#166),#92,.F.);
#1607=ADVANCED_FACE('',(#167),#93,.F.);
#1608=ADVANCED_FACE('',(#168),#94,.F.);
#1609=ADVANCED_FACE('',(#169),#95,.F.);
#1610=ADVANCED_FACE('',(#170),#96,.F.);
#1611=ADVANCED_FACE('',(#171),#97,.F.);
#1612=ADVANCED_FACE('',(#172),#98,.F.);
#1613=ADVANCED_FACE('',(#173),#99,.F.);
#1614=ADVANCED_FACE('',(#174),#100,.F.);
#1615=ADVANCED_FACE('',(#175),#101,.F.);
#1616=ADVANCED_FACE('',(#176),#1563,.T.);
#1617=ADVANCED_FACE('',(#177),#102,.F.);
#1618=ADVANCED_FACE('',(#178),#103,.F.);
#1619=ADVANCED_FACE('',(#179),#104,.F.);
#1620=ADVANCED_FACE('',(#180),#105,.F.);
#1621=ADVANCED_FACE('',(#181),#106,.F.);
#1622=ADVANCED_FACE('',(#182),#107,.F.);
#1623=ADVANCED_FACE('',(#183),#108,.F.);
#1624=ADVANCED_FACE('',(#184,#52,#53,#54,#55,#56,#57,#58,#59,#60),#109,
 .T.);
#1625=ADVANCED_FACE('',(#185),#110,.F.);
#1626=ADVANCED_FACE('',(#186),#111,.T.);
#1627=ADVANCED_FACE('',(#187),#112,.T.);
#1628=ADVANCED_FACE('',(#188),#113,.T.);
#1629=ADVANCED_FACE('',(#189),#114,.T.);
#1630=ADVANCED_FACE('',(#190),#115,.T.);
#1631=ADVANCED_FACE('',(#191),#116,.T.);
#1632=ADVANCED_FACE('',(#192,#61),#117,.T.);
#1633=ADVANCED_FACE('',(#193,#62),#118,.F.);
#1634=ADVANCED_FACE('',(#194),#1564,.T.);
#1635=ADVANCED_FACE('',(#195),#1565,.F.);
#1636=ADVANCED_FACE('',(#196),#119,.T.);
#1637=ADVANCED_FACE('',(#197),#120,.T.);
#1638=ADVANCED_FACE('',(#198),#121,.T.);
#1639=ADVANCED_FACE('',(#199),#122,.T.);
#1640=ADVANCED_FACE('',(#200,#63),#123,.T.);
#1641=ADVANCED_FACE('',(#201),#1566,.T.);
#1642=ADVANCED_FACE('',(#202),#124,.T.);
#1643=ADVANCED_FACE('',(#203),#125,.F.);
#1644=ADVANCED_FACE('',(#204),#1567,.T.);
#1645=ADVANCED_FACE('',(#205),#126,.T.);
#1646=ADVANCED_FACE('',(#206),#1568,.T.);
#1647=ADVANCED_FACE('',(#207),#127,.T.);
#1648=ADVANCED_FACE('',(#208),#1569,.T.);
#1649=ADVANCED_FACE('',(#209),#128,.T.);
#1650=ADVANCED_FACE('',(#210),#129,.T.);
#1651=CLOSED_SHELL('',(#1570,#1571,#1572,#1573,#1574,#1575,#1576,#1577,
#1578,#1579,#1580,#1581,#1582,#1583,#1584,#1585,#1586,#1587,#1588,#1589,
#1590,#1591,#1592,#1593,#1594,#1595,#1596,#1597,#1598,#1599,#1600,#1601,
#1602,#1603,#1604,#1605,#1606,#1607,#1608,#1609,#1610,#1611,#1612,#1613,
#1614,#1615,#1616,#1617,#1618,#1619,#1620,#1621,#1622,#1623,#1624,#1625,
#1626,#1627,#1628,#1629,#1630,#1631,#1632,#1633,#1634,#1635,#1636,#1637,
#1638,#1639,#1640));
#1652=CLOSED_SHELL('',(#1641,#1642,#1643,#1644,#1645,#1646,#1647,#1648,
#1649,#1650));
#1653=AXIS2_PLACEMENT_3D('',#2183,#1763,#1764);
#1654=AXIS2_PLACEMENT_3D('',#2184,#1765,#1766);
#1655=AXIS2_PLACEMENT_3D('',#2189,#1768,#1769);
#1656=AXIS2_PLACEMENT_3D('',#2192,#1771,#1772);
#1657=AXIS2_PLACEMENT_3D('',#2193,#1773,#1774);
#1658=AXIS2_PLACEMENT_3D('',#2197,#1776,#1777);
#1659=AXIS2_PLACEMENT_3D('',#2199,#1779,#1780);
#1660=AXIS2_PLACEMENT_3D('',#2203,#1782,#1783);
#1661=AXIS2_PLACEMENT_3D('',#2205,#1785,#1786);
#1662=AXIS2_PLACEMENT_3D('',#2208,#1789,#1790);
#1663=AXIS2_PLACEMENT_3D('',#2217,#1795,#1796);
#1664=AXIS2_PLACEMENT_3D('',#2219,#1797,#1798);
#1665=AXIS2_PLACEMENT_3D('',#2222,#1800,#1801);
#1666=AXIS2_PLACEMENT_3D('',#2223,#1802,#1803);
#1667=AXIS2_PLACEMENT_3D('',#2231,#1807,#1808);
#1668=AXIS2_PLACEMENT_3D('',#2237,#1811,#1812);
#1669=AXIS2_PLACEMENT_3D('',#2239,#1814,#1815);
#1670=AXIS2_PLACEMENT_3D('',#2241,#1816,#1817);
#1671=AXIS2_PLACEMENT_3D('',#2245,#1819,#1820);
#1672=AXIS2_PLACEMENT_3D('',#2248,#1822,#1823);
#1673=AXIS2_PLACEMENT_3D('',#2257,#1828,#1829);
#1674=AXIS2_PLACEMENT_3D('',#2259,#1830,#1831);
#1675=AXIS2_PLACEMENT_3D('',#2261,#1833,#1834);
#1676=AXIS2_PLACEMENT_3D('',#2265,#1836,#1837);
#1677=AXIS2_PLACEMENT_3D('',#2271,#1840,#1841);
#1678=AXIS2_PLACEMENT_3D('',#2275,#1844,#1845);
#1679=AXIS2_PLACEMENT_3D('',#2278,#1846,#1847);
#1680=AXIS2_PLACEMENT_3D('',#2281,#1849,#1850);
#1681=AXIS2_PLACEMENT_3D('',#2283,#1852,#1853);
#1682=AXIS2_PLACEMENT_3D('',#2286,#1855,#1856);
#1683=AXIS2_PLACEMENT_3D('',#2366,#1897,#1898);
#1684=AXIS2_PLACEMENT_3D('',#2370,#1900,#1901);
#1685=AXIS2_PLACEMENT_3D('',#2372,#1903,#1904);
#1686=AXIS2_PLACEMENT_3D('',#2374,#1906,#1907);
#1687=AXIS2_PLACEMENT_3D('',#2380,#1911,#1912);
#1688=AXIS2_PLACEMENT_3D('',#2384,#1915,#1916);
#1689=AXIS2_PLACEMENT_3D('',#2388,#1919,#1920);
#1690=AXIS2_PLACEMENT_3D('',#2390,#1922,#1923);
#1691=AXIS2_PLACEMENT_3D('',#2396,#1927,#1928);
#1692=AXIS2_PLACEMENT_3D('',#2400,#1931,#1932);
#1693=AXIS2_PLACEMENT_3D('',#2404,#1935,#1936);
#1694=AXIS2_PLACEMENT_3D('',#2406,#1938,#1939);
#1695=AXIS2_PLACEMENT_3D('',#2412,#1943,#1944);
#1696=AXIS2_PLACEMENT_3D('',#2416,#1947,#1948);
#1697=AXIS2_PLACEMENT_3D('',#2420,#1951,#1952);
#1698=AXIS2_PLACEMENT_3D('',#2422,#1954,#1955);
#1699=AXIS2_PLACEMENT_3D('',#2428,#1959,#1960);
#1700=AXIS2_PLACEMENT_3D('',#2432,#1963,#1964);
#1701=AXIS2_PLACEMENT_3D('',#2436,#1967,#1968);
#1702=AXIS2_PLACEMENT_3D('',#2438,#1970,#1971);
#1703=AXIS2_PLACEMENT_3D('',#2444,#1975,#1976);
#1704=AXIS2_PLACEMENT_3D('',#2448,#1979,#1980);
#1705=AXIS2_PLACEMENT_3D('',#2452,#1983,#1984);
#1706=AXIS2_PLACEMENT_3D('',#2454,#1986,#1987);
#1707=AXIS2_PLACEMENT_3D('',#2460,#1991,#1992);
#1708=AXIS2_PLACEMENT_3D('',#2464,#1995,#1996);
#1709=AXIS2_PLACEMENT_3D('',#2468,#1999,#2000);
#1710=AXIS2_PLACEMENT_3D('',#2470,#2002,#2003);
#1711=AXIS2_PLACEMENT_3D('',#2476,#2007,#2008);
#1712=AXIS2_PLACEMENT_3D('',#2480,#2011,#2012);
#1713=AXIS2_PLACEMENT_3D('',#2484,#2015,#2016);
#1714=AXIS2_PLACEMENT_3D('',#2486,#2018,#2019);
#1715=AXIS2_PLACEMENT_3D('',#2492,#2023,#2024);
#1716=AXIS2_PLACEMENT_3D('',#2496,#2027,#2028);
#1717=AXIS2_PLACEMENT_3D('',#2500,#2031,#2032);
#1718=AXIS2_PLACEMENT_3D('',#2502,#2034,#2035);
#1719=AXIS2_PLACEMENT_3D('',#2505,#2038,#2039);
#1720=AXIS2_PLACEMENT_3D('',#2511,#2043,#2044);
#1721=AXIS2_PLACEMENT_3D('',#2515,#2047,#2048);
#1722=AXIS2_PLACEMENT_3D('',#2519,#2051,#2052);
#1723=AXIS2_PLACEMENT_3D('',#2523,#2055,#2056);
#1724=AXIS2_PLACEMENT_3D('',#2527,#2059,#2060);
#1725=AXIS2_PLACEMENT_3D('',#2531,#2063,#2064);
#1726=AXIS2_PLACEMENT_3D('',#2533,#2066,#2067);
#1727=AXIS2_PLACEMENT_3D('',#2542,#2072,#2073);
#1728=AXIS2_PLACEMENT_3D('',#2544,#2075,#2076);
#1729=AXIS2_PLACEMENT_3D('',#2547,#2079,#2080);
#1730=AXIS2_PLACEMENT_3D('',#2548,#2081,#2082);
#1731=AXIS2_PLACEMENT_3D('',#2557,#2087,#2088);
#1732=AXIS2_PLACEMENT_3D('',#2563,#2092,#2093);
#1733=AXIS2_PLACEMENT_3D('',#2569,#2097,#2098);
#1734=AXIS2_PLACEMENT_3D('',#2572,#2101,#2102);
#1735=AXIS2_PLACEMENT_3D('',#2573,#2103,#2104);
#1736=AXIS2_PLACEMENT_3D('',#2582,#2109,#2110);
#1737=AXIS2_PLACEMENT_3D('',#2583,#2111,#2112);
#1738=AXIS2_PLACEMENT_3D('',#2584,#2113,#2114);
#1739=AXIS2_PLACEMENT_3D('',#2585,#2115,#2116);
#1740=AXIS2_PLACEMENT_3D('',#2586,#2117,#2118);
#1741=AXIS2_PLACEMENT_3D('',#2587,#2119,#2120);
#1742=AXIS2_PLACEMENT_3D('',#2590,#2123,#2124);
#1743=AXIS2_PLACEMENT_3D('',#2592,#2126,#2127);
#1744=AXIS2_PLACEMENT_3D('',#2594,#2129,#2130);
#1745=AXIS2_PLACEMENT_3D('',#2595,#2131,#2132);
#1746=AXIS2_PLACEMENT_3D('',#2598,#2133,#2134);
#1747=AXIS2_PLACEMENT_3D('',#2602,#2136,#2137);
#1748=AXIS2_PLACEMENT_3D('',#2604,#2139,#2140);
#1749=AXIS2_PLACEMENT_3D('',#2610,#2144,#2145);
#1750=AXIS2_PLACEMENT_3D('',#2614,#2147,#2148);
#1751=AXIS2_PLACEMENT_3D('',#2618,#2150,#2151);
#1752=AXIS2_PLACEMENT_3D('',#2621,#2153,#2154);
#1753=AXIS2_PLACEMENT_3D('',#2622,#2155,#2156);
#1754=AXIS2_PLACEMENT_3D('',#2624,#2157,#2158);
#1755=AXIS2_PLACEMENT_3D('',#2626,#2160,#2161);
#1756=AXIS2_PLACEMENT_3D('',#2630,#2164,#2165);
#1757=AXIS2_PLACEMENT_3D('',#2632,#2166,#2167);
#1758=AXIS2_PLACEMENT_3D('',#2634,#2169,#2170);
#1759=AXIS2_PLACEMENT_3D('',#2638,#2173,#2174);
#1760=AXIS2_PLACEMENT_3D('',#2640,#2175,#2176);
#1761=AXIS2_PLACEMENT_3D('',#2642,#2178,#2179);
#1762=AXIS2_PLACEMENT_3D('',#2644,#2181,#2182);
#1763=DIRECTION('axis',(0.,0.,1.));
#1764=DIRECTION('refdir',(1.,0.,0.));
#1765=DIRECTION('center_axis',(0.,0.,-1.));
#1766=DIRECTION('ref_axis',(0.707106781186554,0.707106781186541,0.));
#1767=DIRECTION('',(0.,0.,1.));
#1768=DIRECTION('center_axis',(-0.707106781186549,0.,-0.707106781186546));
#1769=DIRECTION('ref_axis',(-0.707106781186546,0.,0.707106781186549));
#1770=DIRECTION('',(0.,0.,1.));
#1771=DIRECTION('center_axis',(-0.707106781186549,0.,0.707106781186546));
#1772=DIRECTION('ref_axis',(0.707106781186546,0.,0.707106781186549));
#1773=DIRECTION('center_axis',(-1.,-7.13740259458333E-17,0.));
#1774=DIRECTION('ref_axis',(0.,0.707106781186547,-0.707106781186548));
#1775=DIRECTION('',(1.,7.13740259458333E-17,0.));
#1776=DIRECTION('center_axis',(-0.707106781186542,0.,0.707106781186553));
#1777=DIRECTION('ref_axis',(0.707106781186553,1.00938115493766E-16,0.707106781186542));
#1778=DIRECTION('',(1.,0.,0.));
#1779=DIRECTION('center_axis',(0.,0.,1.));
#1780=DIRECTION('ref_axis',(-0.707106781186554,0.707106781186541,0.));
#1781=DIRECTION('',(0.,0.,-1.));
#1782=DIRECTION('center_axis',(0.707106781186543,0.,0.707106781186553));
#1783=DIRECTION('ref_axis',(0.707106781186553,0.,-0.707106781186543));
#1784=DIRECTION('',(0.,0.,-1.));
#1785=DIRECTION('center_axis',(1.,7.13740259458333E-17,0.));
#1786=DIRECTION('ref_axis',(0.,0.707106781186546,0.707106781186549));
#1787=DIRECTION('',(-1.,0.,0.));
#1788=DIRECTION('',(-1.,-7.13740259458333E-17,0.));
#1789=DIRECTION('center_axis',(-7.13740259458333E-17,1.,0.));
#1790=DIRECTION('ref_axis',(-1.,-7.13740259458333E-17,0.));
#1791=DIRECTION('',(0.,0.,-1.));
#1792=DIRECTION('',(1.,0.,0.));
#1793=DIRECTION('',(0.,0.,1.));
#1794=DIRECTION('',(1.,7.13740259458333E-17,0.));
#1795=DIRECTION('center_axis',(0.,0.,-1.));
#1796=DIRECTION('ref_axis',(-0.707106781186547,0.707106781186547,0.));
#1797=DIRECTION('center_axis',(0.,0.,1.));
#1798=DIRECTION('ref_axis',(-0.707106781186547,0.707106781186547,0.));
#1799=DIRECTION('',(0.,0.,1.));
#1800=DIRECTION('center_axis',(0.,0.,-1.));
#1801=DIRECTION('ref_axis',(-0.707106781186547,0.707106781186547,0.));
#1802=DIRECTION('center_axis',(-1.,0.,0.));
#1803=DIRECTION('ref_axis',(0.,-1.,0.));
#1804=DIRECTION('',(0.,1.,0.));
#1805=DIRECTION('',(0.,0.,-1.));
#1806=DIRECTION('',(0.,-1.,0.));
#1807=DIRECTION('center_axis',(1.,0.,0.));
#1808=DIRECTION('ref_axis',(0.,0.,-1.));
#1809=DIRECTION('',(0.,-0.0263402668486459,0.999653034978808));
#1810=DIRECTION('',(0.,-0.999653034978807,-0.0263402668486769));
#1811=DIRECTION('center_axis',(1.,0.,0.));
#1812=DIRECTION('ref_axis',(0.,-0.893458038791238,0.449146671945051));
#1813=DIRECTION('',(0.,-1.,0.));
#1814=DIRECTION('center_axis',(0.,0.,-1.));
#1815=DIRECTION('ref_axis',(-1.,0.,0.));
#1816=DIRECTION('center_axis',(0.,0.,1.));
#1817=DIRECTION('ref_axis',(0.707106781186547,0.707106781186547,0.));
#1818=DIRECTION('',(0.,-1.,0.));
#1819=DIRECTION('center_axis',(0.,0.,1.));
#1820=DIRECTION('ref_axis',(0.707106781186547,-0.707106781186547,0.));
#1821=DIRECTION('',(-1.,0.,0.));
#1822=DIRECTION('center_axis',(0.,0.,1.));
#1823=DIRECTION('ref_axis',(-0.707106781186547,-0.707106781186547,0.));
#1824=DIRECTION('',(0.,-1.,0.));
#1825=DIRECTION('',(1.,0.,0.));
#1826=DIRECTION('',(0.,1.,0.));
#1827=DIRECTION('',(-1.,0.,0.));
#1828=DIRECTION('center_axis',(0.,0.,1.));
#1829=DIRECTION('ref_axis',(0.707106781186547,0.707106781186547,0.));
#1830=DIRECTION('center_axis',(0.,0.,-1.));
#1831=DIRECTION('ref_axis',(0.707106781186547,0.707106781186547,0.));
#1832=DIRECTION('',(0.,0.,-1.));
#1833=DIRECTION('center_axis',(1.,0.,0.));
#1834=DIRECTION('ref_axis',(0.,1.,0.));
#1835=DIRECTION('',(0.,1.,0.));
#1836=DIRECTION('center_axis',(-1.,0.,0.));
#1837=DIRECTION('ref_axis',(0.,-0.893458038791238,0.449146671945051));
#1838=DIRECTION('',(0.,0.999653034978807,0.0263402668486769));
#1839=DIRECTION('',(0.,-0.0263402668486459,0.999653034978808));
#1840=DIRECTION('center_axis',(1.,0.,0.));
#1841=DIRECTION('ref_axis',(0.,0.,-1.));
#1842=DIRECTION('',(0.,-1.,0.));
#1843=DIRECTION('',(0.,0.,1.));
#1844=DIRECTION('center_axis',(0.,0.,1.));
#1845=DIRECTION('ref_axis',(0.707106781186547,-0.707106781186547,0.));
#1846=DIRECTION('center_axis',(0.,1.15365774134808E-16,-1.));
#1847=DIRECTION('ref_axis',(0.707106781186547,-0.707106781186547,0.));
#1848=DIRECTION('',(0.,0.,-1.));
#1849=DIRECTION('center_axis',(0.,0.,-1.));
#1850=DIRECTION('ref_axis',(0.707106781186547,-0.707106781186547,0.));
#1851=DIRECTION('',(0.,0.,-1.));
#1852=DIRECTION('center_axis',(0.,0.,1.));
#1853=DIRECTION('ref_axis',(-1.,0.,0.));
#1854=DIRECTION('',(-1.,0.,0.));
#1855=DIRECTION('center_axis',(0.,0.,-1.));
#1856=DIRECTION('ref_axis',(-0.707106781186547,-0.707106781186547,0.));
#1857=DIRECTION('',(-1.,0.,0.));
#1858=DIRECTION('',(-1.,0.,0.));
#1859=DIRECTION('',(0.,1.,0.));
#1860=DIRECTION('',(1.,0.,0.));
#1861=DIRECTION('',(0.,-1.,0.));
#1862=DIRECTION('',(0.,-1.,0.));
#1863=DIRECTION('',(-1.,0.,0.));
#1864=DIRECTION('',(0.,1.,0.));
#1865=DIRECTION('',(1.,0.,0.));
#1866=DIRECTION('',(-1.,0.,0.));
#1867=DIRECTION('',(0.,1.,0.));
#1868=DIRECTION('',(1.,0.,0.));
#1869=DIRECTION('',(0.,-1.,0.));
#1870=DIRECTION('',(-1.,0.,0.));
#1871=DIRECTION('',(0.,1.,0.));
#1872=DIRECTION('',(1.,0.,0.));
#1873=DIRECTION('',(0.,-1.,0.));
#1874=DIRECTION('',(-1.,0.,0.));
#1875=DIRECTION('',(0.,1.,0.));
#1876=DIRECTION('',(1.,0.,0.));
#1877=DIRECTION('',(0.,-1.,0.));
#1878=DIRECTION('',(-1.,0.,0.));
#1879=DIRECTION('',(0.,1.,0.));
#1880=DIRECTION('',(1.,0.,0.));
#1881=DIRECTION('',(0.,-1.,0.));
#1882=DIRECTION('',(-1.,0.,0.));
#1883=DIRECTION('',(0.,1.,0.));
#1884=DIRECTION('',(1.,0.,0.));
#1885=DIRECTION('',(0.,-1.,0.));
#1886=DIRECTION('',(-1.,0.,0.));
#1887=DIRECTION('',(0.,1.,0.));
#1888=DIRECTION('',(1.,0.,0.));
#1889=DIRECTION('',(0.,-1.,0.));
#1890=DIRECTION('',(-0.999999999999976,-2.18620497277027E-7,0.));
#1891=DIRECTION('',(0.,1.,0.));
#1892=DIRECTION('',(1.,0.,0.));
#1893=DIRECTION('',(0.999999999999948,3.22381143516479E-7,0.));
#1894=DIRECTION('',(1.,1.11022295375799E-14,0.));
#1895=DIRECTION('',(0.,-1.,0.));
#1896=DIRECTION('',(-1.,0.,0.));
#1897=DIRECTION('center_axis',(0.,0.,1.));
#1898=DIRECTION('ref_axis',(-0.707106781186547,-0.707106781186547,0.));
#1899=DIRECTION('',(0.,0.,1.));
#1900=DIRECTION('center_axis',(0.,1.15365774134808E-16,-1.));
#1901=DIRECTION('ref_axis',(-0.707106781186547,-0.707106781186547,0.));
#1902=DIRECTION('',(0.,0.,1.));
#1903=DIRECTION('center_axis',(0.,-1.,0.));
#1904=DIRECTION('ref_axis',(0.,0.,-1.));
#1905=DIRECTION('',(-1.,0.,0.));
#1906=DIRECTION('center_axis',(0.,1.,0.));
#1907=DIRECTION('ref_axis',(1.,0.,0.));
#1908=DIRECTION('',(-1.,0.,0.));
#1909=DIRECTION('',(0.,0.,-1.));
#1910=DIRECTION('',(0.,0.,-1.));
#1911=DIRECTION('center_axis',(-1.,0.,0.));
#1912=DIRECTION('ref_axis',(0.,1.,0.));
#1913=DIRECTION('',(0.,-1.,0.));
#1914=DIRECTION('',(0.,0.,-1.));
#1915=DIRECTION('center_axis',(0.,-1.,0.));
#1916=DIRECTION('ref_axis',(-1.,0.,0.));
#1917=DIRECTION('',(1.,0.,0.));
#1918=DIRECTION('',(0.,0.,-1.));
#1919=DIRECTION('center_axis',(1.,0.,0.));
#1920=DIRECTION('ref_axis',(0.,-1.,0.));
#1921=DIRECTION('',(0.,1.,0.));
#1922=DIRECTION('center_axis',(-1.,0.,0.));
#1923=DIRECTION('ref_axis',(0.,1.,0.));
#1924=DIRECTION('',(0.,-1.,0.));
#1925=DIRECTION('',(0.,0.,-1.));
#1926=DIRECTION('',(0.,0.,-1.));
#1927=DIRECTION('center_axis',(0.,-1.,0.));
#1928=DIRECTION('ref_axis',(-1.,0.,0.));
#1929=DIRECTION('',(1.,0.,0.));
#1930=DIRECTION('',(0.,0.,-1.));
#1931=DIRECTION('center_axis',(1.,0.,0.));
#1932=DIRECTION('ref_axis',(0.,-1.,0.));
#1933=DIRECTION('',(0.,1.,0.));
#1934=DIRECTION('',(0.,0.,-1.));
#1935=DIRECTION('center_axis',(0.,1.,0.));
#1936=DIRECTION('ref_axis',(1.,0.,0.));
#1937=DIRECTION('',(-1.,0.,0.));
#1938=DIRECTION('center_axis',(0.,1.,0.));
#1939=DIRECTION('ref_axis',(1.,0.,0.));
#1940=DIRECTION('',(-1.,0.,0.));
#1941=DIRECTION('',(0.,0.,-1.));
#1942=DIRECTION('',(0.,0.,-1.));
#1943=DIRECTION('center_axis',(-1.,0.,0.));
#1944=DIRECTION('ref_axis',(0.,1.,0.));
#1945=DIRECTION('',(0.,-1.,0.));
#1946=DIRECTION('',(0.,0.,-1.));
#1947=DIRECTION('center_axis',(0.,-1.,0.));
#1948=DIRECTION('ref_axis',(-1.,0.,0.));
#1949=DIRECTION('',(1.,0.,0.));
#1950=DIRECTION('',(0.,0.,-1.));
#1951=DIRECTION('center_axis',(1.,0.,0.));
#1952=DIRECTION('ref_axis',(0.,-1.,0.));
#1953=DIRECTION('',(0.,1.,0.));
#1954=DIRECTION('center_axis',(0.,1.,0.));
#1955=DIRECTION('ref_axis',(1.,0.,0.));
#1956=DIRECTION('',(-1.,0.,0.));
#1957=DIRECTION('',(0.,0.,-1.));
#1958=DIRECTION('',(0.,0.,-1.));
#1959=DIRECTION('center_axis',(-1.,0.,0.));
#1960=DIRECTION('ref_axis',(0.,1.,0.));
#1961=DIRECTION('',(0.,-1.,0.));
#1962=DIRECTION('',(0.,0.,-1.));
#1963=DIRECTION('center_axis',(0.,-1.,0.));
#1964=DIRECTION('ref_axis',(-1.,0.,0.));
#1965=DIRECTION('',(1.,0.,0.));
#1966=DIRECTION('',(0.,0.,-1.));
#1967=DIRECTION('center_axis',(1.,0.,0.));
#1968=DIRECTION('ref_axis',(0.,-1.,0.));
#1969=DIRECTION('',(0.,1.,0.));
#1970=DIRECTION('center_axis',(0.,1.,0.));
#1971=DIRECTION('ref_axis',(1.,0.,0.));
#1972=DIRECTION('',(-1.,0.,0.));
#1973=DIRECTION('',(0.,0.,-1.));
#1974=DIRECTION('',(0.,0.,-1.));
#1975=DIRECTION('center_axis',(-1.,0.,0.));
#1976=DIRECTION('ref_axis',(0.,1.,0.));
#1977=DIRECTION('',(0.,-1.,0.));
#1978=DIRECTION('',(0.,0.,-1.));
#1979=DIRECTION('center_axis',(0.,-1.,0.));
#1980=DIRECTION('ref_axis',(-1.,0.,0.));
#1981=DIRECTION('',(1.,0.,0.));
#1982=DIRECTION('',(0.,0.,-1.));
#1983=DIRECTION('center_axis',(1.,0.,0.));
#1984=DIRECTION('ref_axis',(0.,-1.,0.));
#1985=DIRECTION('',(0.,1.,0.));
#1986=DIRECTION('center_axis',(0.,1.,0.));
#1987=DIRECTION('ref_axis',(1.,0.,0.));
#1988=DIRECTION('',(-1.,0.,0.));
#1989=DIRECTION('',(0.,0.,-1.));
#1990=DIRECTION('',(0.,0.,-1.));
#1991=DIRECTION('center_axis',(-1.,0.,0.));
#1992=DIRECTION('ref_axis',(0.,1.,0.));
#1993=DIRECTION('',(0.,-1.,0.));
#1994=DIRECTION('',(0.,0.,-1.));
#1995=DIRECTION('center_axis',(0.,-1.,0.));
#1996=DIRECTION('ref_axis',(-1.,0.,0.));
#1997=DIRECTION('',(1.,0.,0.));
#1998=DIRECTION('',(0.,0.,-1.));
#1999=DIRECTION('center_axis',(1.,0.,0.));
#2000=DIRECTION('ref_axis',(0.,-1.,0.));
#2001=DIRECTION('',(0.,1.,0.));
#2002=DIRECTION('center_axis',(0.,1.,0.));
#2003=DIRECTION('ref_axis',(1.,0.,0.));
#2004=DIRECTION('',(-1.,0.,0.));
#2005=DIRECTION('',(0.,0.,-1.));
#2006=DIRECTION('',(0.,0.,-1.));
#2007=DIRECTION('center_axis',(-1.,0.,0.));
#2008=DIRECTION('ref_axis',(0.,1.,0.));
#2009=DIRECTION('',(0.,-1.,0.));
#2010=DIRECTION('',(0.,0.,-1.));
#2011=DIRECTION('center_axis',(0.,-1.,0.));
#2012=DIRECTION('ref_axis',(-1.,0.,0.));
#2013=DIRECTION('',(1.,0.,0.));
#2014=DIRECTION('',(0.,0.,-1.));
#2015=DIRECTION('center_axis',(1.,0.,0.));
#2016=DIRECTION('ref_axis',(0.,-1.,0.));
#2017=DIRECTION('',(0.,1.,0.));
#2018=DIRECTION('center_axis',(0.,1.,0.));
#2019=DIRECTION('ref_axis',(1.,0.,0.));
#2020=DIRECTION('',(-1.,0.,0.));
#2021=DIRECTION('',(0.,0.,-1.));
#2022=DIRECTION('',(0.,0.,-1.));
#2023=DIRECTION('center_axis',(-1.,0.,0.));
#2024=DIRECTION('ref_axis',(0.,1.,0.));
#2025=DIRECTION('',(0.,-1.,0.));
#2026=DIRECTION('',(0.,0.,-1.));
#2027=DIRECTION('center_axis',(0.,-1.,0.));
#2028=DIRECTION('ref_axis',(-1.,0.,0.));
#2029=DIRECTION('',(1.,0.,0.));
#2030=DIRECTION('',(0.,0.,-1.));
#2031=DIRECTION('center_axis',(1.,0.,0.));
#2032=DIRECTION('ref_axis',(0.,-1.,0.));
#2033=DIRECTION('',(0.,1.,0.));
#2034=DIRECTION('center_axis',(-1.,0.,0.));
#2035=DIRECTION('ref_axis',(0.,-0.893458038791238,0.449146671945051));
#2036=DIRECTION('',(-1.,0.,0.));
#2037=DIRECTION('',(1.,0.,0.));
#2038=DIRECTION('center_axis',(-3.22381143516479E-7,0.999999999999948,0.));
#2039=DIRECTION('ref_axis',(0.999999999999948,3.22381143516479E-7,0.));
#2040=DIRECTION('',(-0.999999999999948,-3.22381143516479E-7,0.));
#2041=DIRECTION('',(0.,0.,-1.));
#2042=DIRECTION('',(0.,0.,-1.));
#2043=DIRECTION('center_axis',(0.,1.,0.));
#2044=DIRECTION('ref_axis',(1.,0.,0.));
#2045=DIRECTION('',(-1.,0.,0.));
#2046=DIRECTION('',(0.,0.,-1.));
#2047=DIRECTION('center_axis',(-1.,0.,0.));
#2048=DIRECTION('ref_axis',(0.,1.,0.));
#2049=DIRECTION('',(0.,-1.,0.));
#2050=DIRECTION('',(0.,0.,-1.));
#2051=DIRECTION('center_axis',(2.18620497277027E-7,-0.999999999999976,0.));
#2052=DIRECTION('ref_axis',(-0.999999999999976,-2.18620497277027E-7,0.));
#2053=DIRECTION('',(0.999999999999976,2.18620497277027E-7,0.));
#2054=DIRECTION('',(0.,0.,-1.));
#2055=DIRECTION('center_axis',(0.,-1.,0.));
#2056=DIRECTION('ref_axis',(-1.,0.,0.));
#2057=DIRECTION('',(1.,0.,0.));
#2058=DIRECTION('',(0.,0.,-1.));
#2059=DIRECTION('center_axis',(1.,0.,0.));
#2060=DIRECTION('ref_axis',(0.,-1.,0.));
#2061=DIRECTION('',(0.,1.,0.));
#2062=DIRECTION('',(0.,0.,-1.));
#2063=DIRECTION('center_axis',(-1.11022295375799E-14,1.,0.));
#2064=DIRECTION('ref_axis',(1.,1.11022295375799E-14,0.));
#2065=DIRECTION('',(-1.,-1.11022295375799E-14,0.));
#2066=DIRECTION('center_axis',(0.,0.,-1.));
#2067=DIRECTION('ref_axis',(1.,0.,0.));
#2068=DIRECTION('',(0.,-1.,-1.15365774134808E-16));
#2069=DIRECTION('',(-1.,0.,0.));
#2070=DIRECTION('',(0.,1.,1.15365774134808E-16));
#2071=DIRECTION('',(1.,0.,0.));
#2072=DIRECTION('center_axis',(0.,1.15365774134808E-16,-1.));
#2073=DIRECTION('ref_axis',(0.,-1.,-1.15365774134808E-16));
#2074=DIRECTION('',(-1.,0.,0.));
#2075=DIRECTION('center_axis',(0.,-0.999653034978808,-0.0263402668486459));
#2076=DIRECTION('ref_axis',(1.,0.,0.));
#2077=DIRECTION('',(-1.,0.,0.));
#2078=DIRECTION('',(1.,0.,0.));
#2079=DIRECTION('center_axis',(0.,-0.0263402668486459,0.999653034978808));
#2080=DIRECTION('ref_axis',(1.,0.,0.));
#2081=DIRECTION('center_axis',(1.,0.,0.));
#2082=DIRECTION('ref_axis',(0.,1.,0.));
#2083=DIRECTION('',(0.,1.,0.));
#2084=DIRECTION('',(0.,0.,1.));
#2085=DIRECTION('',(0.,1.,0.));
#2086=DIRECTION('',(0.,0.,1.));
#2087=DIRECTION('center_axis',(0.,1.,0.));
#2088=DIRECTION('ref_axis',(-1.,0.,0.));
#2089=DIRECTION('',(-1.,0.,0.));
#2090=DIRECTION('',(-1.,0.,0.));
#2091=DIRECTION('',(0.,0.,1.));
#2092=DIRECTION('center_axis',(-1.,0.,0.));
#2093=DIRECTION('ref_axis',(0.,-1.,0.));
#2094=DIRECTION('',(0.,-1.,0.));
#2095=DIRECTION('',(0.,-1.,0.));
#2096=DIRECTION('',(0.,0.,1.));
#2097=DIRECTION('center_axis',(0.,-1.,0.));
#2098=DIRECTION('ref_axis',(1.,0.,0.));
#2099=DIRECTION('',(1.,0.,0.));
#2100=DIRECTION('',(1.,0.,0.));
#2101=DIRECTION('center_axis',(0.,0.,1.));
#2102=DIRECTION('ref_axis',(1.,0.,0.));
#2103=DIRECTION('center_axis',(0.,0.,1.));
#2104=DIRECTION('ref_axis',(-1.,0.,0.));
#2105=DIRECTION('',(1.,0.,0.));
#2106=DIRECTION('',(0.,-1.,0.));
#2107=DIRECTION('',(-1.,0.,0.));
#2108=DIRECTION('',(0.,1.,0.));
#2109=DIRECTION('center_axis',(-1.,0.,0.));
#2110=DIRECTION('ref_axis',(0.,0.,-1.));
#2111=DIRECTION('center_axis',(1.,0.,0.));
#2112=DIRECTION('ref_axis',(0.,0.,-1.));
#2113=DIRECTION('center_axis',(-1.,0.,0.));
#2114=DIRECTION('ref_axis',(0.,0.,-1.));
#2115=DIRECTION('center_axis',(-1.,0.,0.));
#2116=DIRECTION('ref_axis',(0.,0.,-1.));
#2117=DIRECTION('center_axis',(0.,-1.,0.));
#2118=DIRECTION('ref_axis',(1.,0.,0.));
#2119=DIRECTION('center_axis',(1.,0.,0.));
#2120=DIRECTION('ref_axis',(0.,1.,0.));
#2121=DIRECTION('',(0.,0.,-1.));
#2122=DIRECTION('',(0.,0.,1.));
#2123=DIRECTION('center_axis',(0.,1.,0.));
#2124=DIRECTION('ref_axis',(-1.,0.,0.));
#2125=DIRECTION('',(0.,0.,1.));
#2126=DIRECTION('center_axis',(-1.,0.,0.));
#2127=DIRECTION('ref_axis',(0.,-1.,0.));
#2128=DIRECTION('',(0.,0.,1.));
#2129=DIRECTION('center_axis',(0.,-1.,0.));
#2130=DIRECTION('ref_axis',(1.,0.,0.));
#2131=DIRECTION('center_axis',(0.,0.,-1.));
#2132=DIRECTION('ref_axis',(-0.707106781186547,0.707106781186547,0.));
#2133=DIRECTION('center_axis',(0.,0.,1.));
#2134=DIRECTION('ref_axis',(-0.707106781186547,0.707106781186547,0.));
#2135=DIRECTION('',(0.,0.,1.));
#2136=DIRECTION('center_axis',(0.,0.,-1.));
#2137=DIRECTION('ref_axis',(-0.707106781186547,0.707106781186547,0.));
#2138=DIRECTION('',(0.,0.,-1.));
#2139=DIRECTION('center_axis',(0.,1.,0.));
#2140=DIRECTION('ref_axis',(1.,0.,0.));
#2141=DIRECTION('',(-1.,0.,0.));
#2142=DIRECTION('',(0.,0.,1.));
#2143=DIRECTION('',(1.,0.,0.));
#2144=DIRECTION('center_axis',(0.,0.,-1.));
#2145=DIRECTION('ref_axis',(1.,0.,0.));
#2146=DIRECTION('',(0.,-1.,0.));
#2147=DIRECTION('center_axis',(0.,0.,-1.));
#2148=DIRECTION('ref_axis',(-0.707106781186547,-0.707106781186547,0.));
#2149=DIRECTION('',(1.,0.,0.));
#2150=DIRECTION('center_axis',(0.,0.,-1.));
#2151=DIRECTION('ref_axis',(0.707106781186547,-0.707106781186547,0.));
#2152=DIRECTION('',(0.,1.,0.));
#2153=DIRECTION('center_axis',(0.,0.,-1.));
#2154=DIRECTION('ref_axis',(0.707106781186547,0.707106781186547,0.));
#2155=DIRECTION('center_axis',(0.,0.,-1.));
#2156=DIRECTION('ref_axis',(0.707106781186547,0.707106781186547,0.));
#2157=DIRECTION('center_axis',(0.,0.,1.));
#2158=DIRECTION('ref_axis',(0.707106781186547,0.707106781186547,0.));
#2159=DIRECTION('',(0.,0.,-1.));
#2160=DIRECTION('center_axis',(1.,0.,0.));
#2161=DIRECTION('ref_axis',(0.,-1.,0.));
#2162=DIRECTION('',(0.,0.,1.));
#2163=DIRECTION('',(0.,-1.,0.));
#2164=DIRECTION('center_axis',(0.,0.,-1.));
#2165=DIRECTION('ref_axis',(0.707106781186547,-0.707106781186547,0.));
#2166=DIRECTION('center_axis',(0.,0.,1.));
#2167=DIRECTION('ref_axis',(0.707106781186547,-0.707106781186547,0.));
#2168=DIRECTION('',(0.,0.,-1.));
#2169=DIRECTION('center_axis',(0.,-1.,0.));
#2170=DIRECTION('ref_axis',(-1.,0.,0.));
#2171=DIRECTION('',(0.,0.,1.));
#2172=DIRECTION('',(-1.,0.,0.));
#2173=DIRECTION('center_axis',(0.,0.,-1.));
#2174=DIRECTION('ref_axis',(-0.707106781186547,-0.707106781186547,0.));
#2175=DIRECTION('center_axis',(0.,0.,1.));
#2176=DIRECTION('ref_axis',(-0.707106781186547,-0.707106781186547,0.));
#2177=DIRECTION('',(0.,0.,-1.));
#2178=DIRECTION('center_axis',(-1.,0.,0.));
#2179=DIRECTION('ref_axis',(0.,1.,0.));
#2180=DIRECTION('',(0.,1.,0.));
#2181=DIRECTION('center_axis',(0.,0.,-1.));
#2182=DIRECTION('ref_axis',(-1.,0.,0.));
#2183=CARTESIAN_POINT('',(0.,0.,0.));
#2184=CARTESIAN_POINT('Origin',(157.694202518526,-23.8800011342391,3.14371686376406));
#2185=CARTESIAN_POINT('',(157.694202518526,-22.8800011342391,1.26327250337031));
#2186=CARTESIAN_POINT('',(157.694202518526,-22.8800011342391,7.28743372752812));
#2187=CARTESIAN_POINT('',(157.694202518526,-22.8800011342391,3.14371686376406));
#2188=CARTESIAN_POINT('',(158.694202518526,-23.8800011342391,6.28743372752812));
#2189=CARTESIAN_POINT('Origin',(157.694202518526,-23.8800011342391,7.28743372752812));
#2190=CARTESIAN_POINT('',(158.694202518526,-23.8800011342391,2.26327250337031));
#2191=CARTESIAN_POINT('',(158.694202518526,-23.8800011342391,3.14371686376406));
#2192=CARTESIAN_POINT('Origin',(157.694202518526,-23.8800011342391,1.26327250337031));
#2193=CARTESIAN_POINT('Origin',(171.430087510004,-23.8800011342391,7.28743372752812));
#2194=CARTESIAN_POINT('',(169.130166768276,-22.8800011342391,7.28743372752812));
#2195=CARTESIAN_POINT('',(171.430087510004,-22.8800011342391,7.28743372752812));
#2196=CARTESIAN_POINT('',(168.130166768276,-23.8800011342391,6.28743372752812));
#2197=CARTESIAN_POINT('Origin',(169.130166768276,-23.8800011342391,7.28743372752812));
#2198=CARTESIAN_POINT('',(140.820086079856,-23.8800011342391,6.28743372752812));
#2199=CARTESIAN_POINT('Origin',(169.130166768276,-23.8800011342391,1.13163625168515));
#2200=CARTESIAN_POINT('',(169.130166768276,-22.8800011342391,1.26327250337031));
#2201=CARTESIAN_POINT('',(169.130166768276,-22.8800011342391,1.13163625168515));
#2202=CARTESIAN_POINT('',(168.130166768276,-23.8800011342391,2.26327250337031));
#2203=CARTESIAN_POINT('Origin',(169.130166768276,-23.8800011342391,1.26327250337031));
#2204=CARTESIAN_POINT('',(168.130166768276,-23.8800011342391,1.13163625168515));
#2205=CARTESIAN_POINT('Origin',(166.712105385129,-23.8800011342391,1.26327250337031));
#2206=CARTESIAN_POINT('',(136.102103954981,-23.8800011342391,2.26327250337031));
#2207=CARTESIAN_POINT('',(166.712105385129,-22.8800011342391,1.26327250337031));
#2208=CARTESIAN_POINT('Origin',(174.730008251732,-22.8800011342391,0.));
#2209=CARTESIAN_POINT('',(115.010005391436,-22.8800011342391,15.5));
#2210=CARTESIAN_POINT('',(115.010005391436,-22.8800011342391,-2.5));
#2211=CARTESIAN_POINT('',(115.010005391436,-22.8800011342391,0.));
#2212=CARTESIAN_POINT('',(172.230008251732,-22.8800011342391,15.5));
#2213=CARTESIAN_POINT('',(173.730008251732,-22.8800011342391,15.5));
#2214=CARTESIAN_POINT('',(172.230008251732,-22.8800011342391,-2.5));
#2215=CARTESIAN_POINT('',(172.230008251732,-22.8800011342391,0.));
#2216=CARTESIAN_POINT('',(174.730008251732,-22.8800011342391,-2.5));
#2217=CARTESIAN_POINT('Origin',(115.010005391436,-25.3800011342391,0.));
#2218=CARTESIAN_POINT('',(112.510005391436,-25.3800011342391,-2.5));
#2219=CARTESIAN_POINT('Origin',(115.010005391436,-25.3800011342391,-2.5));
#2220=CARTESIAN_POINT('',(112.510005391436,-25.3800011342391,15.5));
#2221=CARTESIAN_POINT('',(112.510005391436,-25.3800011342391,0.));
#2222=CARTESIAN_POINT('Origin',(115.010005391436,-25.3800011342391,15.5));
#2223=CARTESIAN_POINT('Origin',(112.510005391436,-22.8800011342391,0.));
#2224=CARTESIAN_POINT('',(112.510005391436,-103.790005001007,-2.5));
#2225=CARTESIAN_POINT('',(112.510005391436,-22.8800011342391,-2.5));
#2226=CARTESIAN_POINT('',(112.510008251732,-103.790005001007,7.99674748951866));
#2227=CARTESIAN_POINT('',(112.510005391436,-103.790005001007,0.));
#2228=CARTESIAN_POINT('',(112.510008251732,-48.5489791403644,7.99674748951866));
#2229=CARTESIAN_POINT('',(112.510008251732,-48.5489791403644,7.99674748951866));
#2230=CARTESIAN_POINT('',(112.510008251732,-41.7406551481351,14.9868298665757));
#2231=CARTESIAN_POINT('Origin',(112.510008251732,-48.5489791403644,14.807434551929));
#2232=CARTESIAN_POINT('',(112.510008251732,-41.7432891748199,15.0867951700735));
#2233=CARTESIAN_POINT('',(112.510008251732,-41.7406551481351,14.9868298665757));
#2234=CARTESIAN_POINT('',(112.510008251732,-41.7408286306457,15.0868600039588));
#2235=CARTESIAN_POINT('',(112.510008251732,-41.2434626573305,15.0999653034979));
#2236=CARTESIAN_POINT('',(112.510005391436,-41.0707351015522,15.5));
#2237=CARTESIAN_POINT('Origin',(112.510005391436,-41.0707351015522,14.75));
#2238=CARTESIAN_POINT('',(112.510005391436,-41.2408286306457,15.5));
#2239=CARTESIAN_POINT('Origin',(143.620006821584,-64.5850030676229,-2.5));
#2240=CARTESIAN_POINT('',(174.730008251732,-25.3800011342391,-2.5));
#2241=CARTESIAN_POINT('Origin',(172.230008251732,-25.3800011342391,-2.5));
#2242=CARTESIAN_POINT('',(174.730008251732,-103.790005001007,-2.5));
#2243=CARTESIAN_POINT('',(174.730008251732,-106.290005001007,-2.5));
#2244=CARTESIAN_POINT('',(172.230008251732,-106.290005001007,-2.5));
#2245=CARTESIAN_POINT('Origin',(172.230008251732,-103.790005001007,-2.5));
#2246=CARTESIAN_POINT('',(115.010005391436,-106.290005001007,-2.5));
#2247=CARTESIAN_POINT('',(112.510005391436,-106.290005001007,-2.5));
#2248=CARTESIAN_POINT('Origin',(115.010005391436,-103.790005001007,-2.5));
#2249=CARTESIAN_POINT('',(113.510005391436,-23.8800011342391,-2.5));
#2250=CARTESIAN_POINT('',(113.510005391436,-105.290005001007,-2.5));
#2251=CARTESIAN_POINT('',(113.510005391436,-24.0000003576279,-2.5));
#2252=CARTESIAN_POINT('',(173.730008251732,-105.290005001007,-2.5));
#2253=CARTESIAN_POINT('',(143.260006804485,-105.290005001007,-2.5));
#2254=CARTESIAN_POINT('',(173.730008251732,-23.8800011342391,-2.5));
#2255=CARTESIAN_POINT('',(173.730008251732,-105.290005001007,-2.5));
#2256=CARTESIAN_POINT('',(116.120005515404,-23.8800011342391,-2.5));
#2257=CARTESIAN_POINT('Origin',(172.230008251732,-25.3800011342391,0.));
#2258=CARTESIAN_POINT('',(174.730008251732,-25.3800011342391,15.5));
#2259=CARTESIAN_POINT('Origin',(172.230008251732,-25.3800011342391,15.5));
#2260=CARTESIAN_POINT('',(174.730008251732,-25.3800011342391,0.));
#2261=CARTESIAN_POINT('Origin',(174.730008251732,-106.290005001007,0.));
#2262=CARTESIAN_POINT('',(174.730008251732,-41.0707351015522,15.5));
#2263=CARTESIAN_POINT('',(174.730008251732,-23.8800011342391,15.5));
#2264=CARTESIAN_POINT('',(174.730008251732,-41.7408286306457,15.0868600039588));
#2265=CARTESIAN_POINT('Origin',(174.730008251732,-41.0707351015522,14.75));
#2266=CARTESIAN_POINT('',(174.730008251732,-41.7432891748199,15.0867951700735));
#2267=CARTESIAN_POINT('',(174.730008251732,-41.2434626573305,15.0999653034979));
#2268=CARTESIAN_POINT('',(174.730008251732,-41.7406551481351,14.9868298665757));
#2269=CARTESIAN_POINT('',(174.730008251732,-41.7406551481351,14.9868298665757));
#2270=CARTESIAN_POINT('',(174.730008251732,-48.5489791403644,7.99674748951866));
#2271=CARTESIAN_POINT('Origin',(174.730008251732,-48.5489791403644,14.807434551929));
#2272=CARTESIAN_POINT('',(174.730008251732,-103.790005001007,7.99674748951866));
#2273=CARTESIAN_POINT('',(174.730008251732,-48.5489791403644,7.99674748951866));
#2274=CARTESIAN_POINT('',(174.730008251732,-103.790005001007,0.));
#2275=CARTESIAN_POINT('Origin',(172.230008251732,-103.790005001007,0.));
#2276=CARTESIAN_POINT('',(172.24137937931,-106.289979140364,7.49674748951866));
#2277=CARTESIAN_POINT('',(172.230008251732,-106.290005001007,7.49674748951866));
#2278=CARTESIAN_POINT('Origin',(172.230008251732,-103.790005001007,7.49674748951866));
#2279=CARTESIAN_POINT('',(172.230008251732,-106.290005001007,0.));
#2280=CARTESIAN_POINT('',(172.24137937931,-106.289979140364,7.99674748951866));
#2281=CARTESIAN_POINT('Origin',(172.230008251732,-103.790005001007,7.99674748951866));
#2282=CARTESIAN_POINT('',(172.24137937931,-106.289979140364,0.));
#2283=CARTESIAN_POINT('Origin',(174.730008251732,-48.5489791403644,7.99674748951866));
#2284=CARTESIAN_POINT('',(174.730008251732,-48.5489791403644,7.99674748951866));
#2285=CARTESIAN_POINT('',(114.998634263858,-106.289979140364,7.99674748951866));
#2286=CARTESIAN_POINT('Origin',(115.010005391436,-103.790005001007,7.99674748951866));
#2287=CARTESIAN_POINT('',(174.730008251732,-106.289979140364,7.99674748951866));
#2288=CARTESIAN_POINT('',(131.019403773126,-102.135226710583,7.99674748951866));
#2289=CARTESIAN_POINT('',(116.843748317829,-102.135226710583,7.99674748951866));
#2290=CARTESIAN_POINT('',(152.874706012429,-102.135226710583,7.99674748951866));
#2291=CARTESIAN_POINT('',(116.843748317829,-88.0128631930876,7.99674748951866));
#2292=CARTESIAN_POINT('',(116.843748317829,-75.3421029254736,7.99674748951866));
#2293=CARTESIAN_POINT('',(131.019403773126,-88.0128631930876,7.99674748951866));
#2294=CARTESIAN_POINT('',(145.786878284781,-88.0128631930876,7.99674748951866));
#2295=CARTESIAN_POINT('',(131.019403773126,-68.280921166726,7.99674748951866));
#2296=CARTESIAN_POINT('',(170.019403773126,-49.0128631930876,7.99674748951866));
#2297=CARTESIAN_POINT('',(170.019403773126,-63.1352267105829,7.99674748951866));
#2298=CARTESIAN_POINT('',(170.019403773126,-48.780921166726,7.99674748951866));
#2299=CARTESIAN_POINT('',(155.843748317829,-63.1352267105829,7.99674748951866));
#2300=CARTESIAN_POINT('',(172.374706012429,-63.1352267105829,7.99674748951866));
#2301=CARTESIAN_POINT('',(155.843748317829,-49.0128631930876,7.99674748951866));
#2302=CARTESIAN_POINT('',(155.843748317829,-55.8421029254736,7.99674748951866));
#2303=CARTESIAN_POINT('',(165.286878284781,-49.0128631930876,7.99674748951866));
#2304=CARTESIAN_POINT('',(170.019403773126,-82.6352267105829,7.99674748951866));
#2305=CARTESIAN_POINT('',(155.843748317829,-82.6352267105829,7.99674748951866));
#2306=CARTESIAN_POINT('',(172.374706012429,-82.6352267105829,7.99674748951866));
#2307=CARTESIAN_POINT('',(155.843748317829,-68.5128631930876,7.99674748951866));
#2308=CARTESIAN_POINT('',(155.843748317829,-65.5921029254736,7.99674748951866));
#2309=CARTESIAN_POINT('',(170.019403773126,-68.5128631930876,7.99674748951866));
#2310=CARTESIAN_POINT('',(165.286878284781,-68.5128631930876,7.99674748951866));
#2311=CARTESIAN_POINT('',(170.019403773126,-58.530921166726,7.99674748951866));
#2312=CARTESIAN_POINT('',(150.519403773126,-102.135226710583,7.99674748951866));
#2313=CARTESIAN_POINT('',(136.343748317829,-102.135226710583,7.99674748951866));
#2314=CARTESIAN_POINT('',(162.624706012429,-102.135226710583,7.99674748951866));
#2315=CARTESIAN_POINT('',(136.343748317829,-88.0128631930876,7.99674748951866));
#2316=CARTESIAN_POINT('',(136.343748317829,-75.3421029254736,7.99674748951866));
#2317=CARTESIAN_POINT('',(150.519403773126,-88.0128631930876,7.99674748951866));
#2318=CARTESIAN_POINT('',(155.536878284781,-88.0128631930876,7.99674748951866));
#2319=CARTESIAN_POINT('',(150.519403773126,-68.280921166726,7.99674748951866));
#2320=CARTESIAN_POINT('',(131.019403773126,-82.6352267105829,7.99674748951866));
#2321=CARTESIAN_POINT('',(116.843748317829,-82.6352267105829,7.99674748951866));
#2322=CARTESIAN_POINT('',(152.874706012429,-82.6352267105829,7.99674748951866));
#2323=CARTESIAN_POINT('',(116.843748317829,-68.5128631930876,7.99674748951866));
#2324=CARTESIAN_POINT('',(116.843748317829,-65.5921029254736,7.99674748951866));
#2325=CARTESIAN_POINT('',(131.019403773126,-68.5128631930876,7.99674748951866));
#2326=CARTESIAN_POINT('',(145.786878284781,-68.5128631930876,7.99674748951866));
#2327=CARTESIAN_POINT('',(131.019403773126,-58.530921166726,7.99674748951866));
#2328=CARTESIAN_POINT('',(150.519403773126,-63.1352267105829,7.99674748951866));
#2329=CARTESIAN_POINT('',(136.343748317829,-63.1352267105829,7.99674748951866));
#2330=CARTESIAN_POINT('',(162.624706012429,-63.1352267105829,7.99674748951866));
#2331=CARTESIAN_POINT('',(136.343748317829,-49.0128631930876,7.99674748951866));
#2332=CARTESIAN_POINT('',(136.343748317829,-55.8421029254736,7.99674748951866));
#2333=CARTESIAN_POINT('',(150.519403773126,-49.0128631930876,7.99674748951866));
#2334=CARTESIAN_POINT('',(155.536878284781,-49.0128631930876,7.99674748951866));
#2335=CARTESIAN_POINT('',(150.519403773126,-48.780921166726,7.99674748951866));
#2336=CARTESIAN_POINT('',(150.519403773126,-82.6352267105829,7.99674748951866));
#2337=CARTESIAN_POINT('',(136.343748317829,-82.6352267105829,7.99674748951866));
#2338=CARTESIAN_POINT('',(162.624706012429,-82.6352267105829,7.99674748951866));
#2339=CARTESIAN_POINT('',(136.343748317829,-68.5128631930876,7.99674748951866));
#2340=CARTESIAN_POINT('',(136.343748317829,-65.5921029254736,7.99674748951866));
#2341=CARTESIAN_POINT('',(150.519403773126,-68.5128631930876,7.99674748951866));
#2342=CARTESIAN_POINT('',(155.536878284781,-68.5128631930876,7.99674748951866));
#2343=CARTESIAN_POINT('',(150.519403773126,-58.530921166726,7.99674748951866));
#2344=CARTESIAN_POINT('',(170.019403773126,-102.135226710583,7.99674748951866));
#2345=CARTESIAN_POINT('',(155.843748317829,-102.135226710583,7.99674748951866));
#2346=CARTESIAN_POINT('',(172.374706012429,-102.135226710583,7.99674748951866));
#2347=CARTESIAN_POINT('',(155.843748317829,-88.0128631930876,7.99674748951866));
#2348=CARTESIAN_POINT('',(155.843748317829,-75.3421029254736,7.99674748951866));
#2349=CARTESIAN_POINT('',(170.019403773126,-88.0128631930876,7.99674748951866));
#2350=CARTESIAN_POINT('',(165.286878284781,-88.0128631930876,7.99674748951866));
#2351=CARTESIAN_POINT('',(170.019403773126,-68.280921166726,7.99674748951866));
#2352=CARTESIAN_POINT('',(128.399997130036,-62.6999986030161,7.99674748951866));
#2353=CARTESIAN_POINT('',(117.550005592825,-62.7000009750467,7.99674748951866));
#2354=CARTESIAN_POINT('',(151.565004237735,-62.6999935386708,7.99674748951866));
#2355=CARTESIAN_POINT('',(117.550005592825,-50.2000023938716,7.99674748951866));
#2356=CARTESIAN_POINT('',(117.550005592825,-55.6244900577055,7.99674748951866));
#2357=CARTESIAN_POINT('',(118.330005620373,-50.2000023938716,7.99674748951866));
#2358=CARTESIAN_POINT('',(146.140006922279,-50.2000023938716,7.99674748951866));
#2359=CARTESIAN_POINT('',(129.249997046561,-50.1999988734722,7.99674748951866));
#2360=CARTESIAN_POINT('',(146.530007202179,-50.1999933027228,7.99674748951866));
#2361=CARTESIAN_POINT('',(130.049997097626,-50.1999988734722,7.99674748951866));
#2362=CARTESIAN_POINT('',(151.990002649147,-50.199998873472,7.99674748951866));
#2363=CARTESIAN_POINT('',(130.049997097626,-62.6999986030161,7.99674748951866));
#2364=CARTESIAN_POINT('',(130.049997097626,-49.3744890069183,7.99674748951866));
#2365=CARTESIAN_POINT('',(152.390002674679,-62.6999986030161,7.99674748951866));
#2366=CARTESIAN_POINT('Origin',(115.010005391436,-103.790005001007,0.));
#2367=CARTESIAN_POINT('',(115.010005391436,-106.290005001007,7.49674748951866));
#2368=CARTESIAN_POINT('',(115.010005391436,-106.290005001007,0.));
#2369=CARTESIAN_POINT('',(114.998634263858,-106.289979140364,7.49674748951866));
#2370=CARTESIAN_POINT('Origin',(115.010005391436,-103.790005001007,7.49674748951866));
#2371=CARTESIAN_POINT('',(114.998634263858,-106.289979140364,0.));
#2372=CARTESIAN_POINT('Origin',(174.730008251732,-106.289979140364,7.49674748951866));
#2373=CARTESIAN_POINT('',(174.730008251732,-106.289979140364,7.49674748951866));
#2374=CARTESIAN_POINT('Origin',(116.843748317829,-88.0128631930876,7.99674748951866));
#2375=CARTESIAN_POINT('',(131.019403773126,-88.0128631930876,7.49674748951866));
#2376=CARTESIAN_POINT('',(116.843748317829,-88.0128631930876,7.49674748951866));
#2377=CARTESIAN_POINT('',(114.676876854632,-88.0128631930876,7.49674748951866));
#2378=CARTESIAN_POINT('',(131.019403773126,-88.0128631930876,7.99674748951866));
#2379=CARTESIAN_POINT('',(116.843748317829,-88.0128631930876,7.99674748951866));
#2380=CARTESIAN_POINT('Origin',(116.843748317829,-102.135226710583,7.99674748951866));
#2381=CARTESIAN_POINT('',(116.843748317829,-102.135226710583,7.49674748951866));
#2382=CARTESIAN_POINT('',(116.843748317829,-75.3421029254736,7.49674748951866));
#2383=CARTESIAN_POINT('',(116.843748317829,-102.135226710583,7.99674748951866));
#2384=CARTESIAN_POINT('Origin',(131.019403773126,-102.135226710583,7.99674748951866));
#2385=CARTESIAN_POINT('',(131.019403773126,-102.135226710583,7.49674748951866));
#2386=CARTESIAN_POINT('',(121.764704582281,-102.135226710583,7.49674748951866));
#2387=CARTESIAN_POINT('',(131.019403773126,-102.135226710583,7.99674748951866));
#2388=CARTESIAN_POINT('Origin',(131.019403773126,-88.0128631930876,7.99674748951866));
#2389=CARTESIAN_POINT('',(131.019403773126,-68.280921166726,7.49674748951866));
#2390=CARTESIAN_POINT('Origin',(155.843748317829,-63.1352267105829,7.99674748951866));
#2391=CARTESIAN_POINT('',(155.843748317829,-49.0128631930876,7.49674748951866));
#2392=CARTESIAN_POINT('',(155.843748317829,-63.1352267105829,7.49674748951866));
#2393=CARTESIAN_POINT('',(155.843748317829,-55.8421029254736,7.49674748951866));
#2394=CARTESIAN_POINT('',(155.843748317829,-49.0128631930876,7.99674748951866));
#2395=CARTESIAN_POINT('',(155.843748317829,-63.1352267105829,7.99674748951866));
#2396=CARTESIAN_POINT('Origin',(170.019403773126,-63.1352267105829,7.99674748951866));
#2397=CARTESIAN_POINT('',(170.019403773126,-63.1352267105829,7.49674748951866));
#2398=CARTESIAN_POINT('',(141.264704582281,-63.1352267105829,7.49674748951866));
#2399=CARTESIAN_POINT('',(170.019403773126,-63.1352267105829,7.99674748951866));
#2400=CARTESIAN_POINT('Origin',(170.019403773126,-49.0128631930876,7.99674748951866));
#2401=CARTESIAN_POINT('',(170.019403773126,-49.0128631930876,7.49674748951866));
#2402=CARTESIAN_POINT('',(170.019403773126,-48.780921166726,7.49674748951866));
#2403=CARTESIAN_POINT('',(170.019403773126,-49.0128631930876,7.99674748951866));
#2404=CARTESIAN_POINT('Origin',(155.843748317829,-49.0128631930876,7.99674748951866));
#2405=CARTESIAN_POINT('',(134.176876854632,-49.0128631930876,7.49674748951866));
#2406=CARTESIAN_POINT('Origin',(155.843748317829,-68.5128631930876,7.99674748951866));
#2407=CARTESIAN_POINT('',(170.019403773126,-68.5128631930876,7.49674748951866));
#2408=CARTESIAN_POINT('',(155.843748317829,-68.5128631930876,7.49674748951866));
#2409=CARTESIAN_POINT('',(134.176876854632,-68.5128631930876,7.49674748951866));
#2410=CARTESIAN_POINT('',(170.019403773126,-68.5128631930876,7.99674748951866));
#2411=CARTESIAN_POINT('',(155.843748317829,-68.5128631930876,7.99674748951866));
#2412=CARTESIAN_POINT('Origin',(155.843748317829,-82.6352267105829,7.99674748951866));
#2413=CARTESIAN_POINT('',(155.843748317829,-82.6352267105829,7.49674748951866));
#2414=CARTESIAN_POINT('',(155.843748317829,-65.5921029254736,7.49674748951866));
#2415=CARTESIAN_POINT('',(155.843748317829,-82.6352267105829,7.99674748951866));
#2416=CARTESIAN_POINT('Origin',(170.019403773126,-82.6352267105829,7.99674748951866));
#2417=CARTESIAN_POINT('',(170.019403773126,-82.6352267105829,7.49674748951866));
#2418=CARTESIAN_POINT('',(141.264704582281,-82.6352267105829,7.49674748951866));
#2419=CARTESIAN_POINT('',(170.019403773126,-82.6352267105829,7.99674748951866));
#2420=CARTESIAN_POINT('Origin',(170.019403773126,-68.5128631930876,7.99674748951866));
#2421=CARTESIAN_POINT('',(170.019403773126,-58.530921166726,7.49674748951866));
#2422=CARTESIAN_POINT('Origin',(136.343748317829,-88.0128631930876,7.99674748951866));
#2423=CARTESIAN_POINT('',(150.519403773126,-88.0128631930876,7.49674748951866));
#2424=CARTESIAN_POINT('',(136.343748317829,-88.0128631930876,7.49674748951866));
#2425=CARTESIAN_POINT('',(124.426876854632,-88.0128631930876,7.49674748951866));
#2426=CARTESIAN_POINT('',(150.519403773126,-88.0128631930876,7.99674748951866));
#2427=CARTESIAN_POINT('',(136.343748317829,-88.0128631930876,7.99674748951866));
#2428=CARTESIAN_POINT('Origin',(136.343748317829,-102.135226710583,7.99674748951866));
#2429=CARTESIAN_POINT('',(136.343748317829,-102.135226710583,7.49674748951866));
#2430=CARTESIAN_POINT('',(136.343748317829,-75.3421029254736,7.49674748951866));
#2431=CARTESIAN_POINT('',(136.343748317829,-102.135226710583,7.99674748951866));
#2432=CARTESIAN_POINT('Origin',(150.519403773126,-102.135226710583,7.99674748951866));
#2433=CARTESIAN_POINT('',(150.519403773126,-102.135226710583,7.49674748951866));
#2434=CARTESIAN_POINT('',(131.514704582281,-102.135226710583,7.49674748951866));
#2435=CARTESIAN_POINT('',(150.519403773126,-102.135226710583,7.99674748951866));
#2436=CARTESIAN_POINT('Origin',(150.519403773126,-88.0128631930876,7.99674748951866));
#2437=CARTESIAN_POINT('',(150.519403773126,-68.280921166726,7.49674748951866));
#2438=CARTESIAN_POINT('Origin',(116.843748317829,-68.5128631930876,7.99674748951866));
#2439=CARTESIAN_POINT('',(131.019403773126,-68.5128631930876,7.49674748951866));
#2440=CARTESIAN_POINT('',(116.843748317829,-68.5128631930876,7.49674748951866));
#2441=CARTESIAN_POINT('',(114.676876854632,-68.5128631930876,7.49674748951866));
#2442=CARTESIAN_POINT('',(131.019403773126,-68.5128631930876,7.99674748951866));
#2443=CARTESIAN_POINT('',(116.843748317829,-68.5128631930876,7.99674748951866));
#2444=CARTESIAN_POINT('Origin',(116.843748317829,-82.6352267105829,7.99674748951866));
#2445=CARTESIAN_POINT('',(116.843748317829,-82.6352267105829,7.49674748951866));
#2446=CARTESIAN_POINT('',(116.843748317829,-65.5921029254736,7.49674748951866));
#2447=CARTESIAN_POINT('',(116.843748317829,-82.6352267105829,7.99674748951866));
#2448=CARTESIAN_POINT('Origin',(131.019403773126,-82.6352267105829,7.99674748951866));
#2449=CARTESIAN_POINT('',(131.019403773126,-82.6352267105829,7.49674748951866));
#2450=CARTESIAN_POINT('',(121.764704582281,-82.6352267105829,7.49674748951866));
#2451=CARTESIAN_POINT('',(131.019403773126,-82.6352267105829,7.99674748951866));
#2452=CARTESIAN_POINT('Origin',(131.019403773126,-68.5128631930876,7.99674748951866));
#2453=CARTESIAN_POINT('',(131.019403773126,-58.530921166726,7.49674748951866));
#2454=CARTESIAN_POINT('Origin',(136.343748317829,-49.0128631930876,7.99674748951866));
#2455=CARTESIAN_POINT('',(150.519403773126,-49.0128631930876,7.49674748951866));
#2456=CARTESIAN_POINT('',(136.343748317829,-49.0128631930876,7.49674748951866));
#2457=CARTESIAN_POINT('',(124.426876854632,-49.0128631930876,7.49674748951866));
#2458=CARTESIAN_POINT('',(150.519403773126,-49.0128631930876,7.99674748951866));
#2459=CARTESIAN_POINT('',(136.343748317829,-49.0128631930876,7.99674748951866));
#2460=CARTESIAN_POINT('Origin',(136.343748317829,-63.1352267105829,7.99674748951866));
#2461=CARTESIAN_POINT('',(136.343748317829,-63.1352267105829,7.49674748951866));
#2462=CARTESIAN_POINT('',(136.343748317829,-55.8421029254736,7.49674748951866));
#2463=CARTESIAN_POINT('',(136.343748317829,-63.1352267105829,7.99674748951866));
#2464=CARTESIAN_POINT('Origin',(150.519403773126,-63.1352267105829,7.99674748951866));
#2465=CARTESIAN_POINT('',(150.519403773126,-63.1352267105829,7.49674748951866));
#2466=CARTESIAN_POINT('',(131.514704582281,-63.1352267105829,7.49674748951866));
#2467=CARTESIAN_POINT('',(150.519403773126,-63.1352267105829,7.99674748951866));
#2468=CARTESIAN_POINT('Origin',(150.519403773126,-49.0128631930876,7.99674748951866));
#2469=CARTESIAN_POINT('',(150.519403773126,-48.780921166726,7.49674748951866));
#2470=CARTESIAN_POINT('Origin',(136.343748317829,-68.5128631930876,7.99674748951866));
#2471=CARTESIAN_POINT('',(150.519403773126,-68.5128631930876,7.49674748951866));
#2472=CARTESIAN_POINT('',(136.343748317829,-68.5128631930876,7.49674748951866));
#2473=CARTESIAN_POINT('',(124.426876854632,-68.5128631930876,7.49674748951866));
#2474=CARTESIAN_POINT('',(150.519403773126,-68.5128631930876,7.99674748951866));
#2475=CARTESIAN_POINT('',(136.343748317829,-68.5128631930876,7.99674748951866));
#2476=CARTESIAN_POINT('Origin',(136.343748317829,-82.6352267105829,7.99674748951866));
#2477=CARTESIAN_POINT('',(136.343748317829,-82.6352267105829,7.49674748951866));
#2478=CARTESIAN_POINT('',(136.343748317829,-65.5921029254736,7.49674748951866));
#2479=CARTESIAN_POINT('',(136.343748317829,-82.6352267105829,7.99674748951866));
#2480=CARTESIAN_POINT('Origin',(150.519403773126,-82.6352267105829,7.99674748951866));
#2481=CARTESIAN_POINT('',(150.519403773126,-82.6352267105829,7.49674748951866));
#2482=CARTESIAN_POINT('',(131.514704582281,-82.6352267105829,7.49674748951866));
#2483=CARTESIAN_POINT('',(150.519403773126,-82.6352267105829,7.99674748951866));
#2484=CARTESIAN_POINT('Origin',(150.519403773126,-68.5128631930876,7.99674748951866));
#2485=CARTESIAN_POINT('',(150.519403773126,-58.530921166726,7.49674748951866));
#2486=CARTESIAN_POINT('Origin',(155.843748317829,-88.0128631930876,7.99674748951866));
#2487=CARTESIAN_POINT('',(170.019403773126,-88.0128631930876,7.49674748951866));
#2488=CARTESIAN_POINT('',(155.843748317829,-88.0128631930876,7.49674748951866));
#2489=CARTESIAN_POINT('',(134.176876854632,-88.0128631930876,7.49674748951866));
#2490=CARTESIAN_POINT('',(170.019403773126,-88.0128631930876,7.99674748951866));
#2491=CARTESIAN_POINT('',(155.843748317829,-88.0128631930876,7.99674748951866));
#2492=CARTESIAN_POINT('Origin',(155.843748317829,-102.135226710583,7.99674748951866));
#2493=CARTESIAN_POINT('',(155.843748317829,-102.135226710583,7.49674748951866));
#2494=CARTESIAN_POINT('',(155.843748317829,-75.3421029254736,7.49674748951866));
#2495=CARTESIAN_POINT('',(155.843748317829,-102.135226710583,7.99674748951866));
#2496=CARTESIAN_POINT('Origin',(170.019403773126,-102.135226710583,7.99674748951866));
#2497=CARTESIAN_POINT('',(170.019403773126,-102.135226710583,7.49674748951866));
#2498=CARTESIAN_POINT('',(141.264704582281,-102.135226710583,7.49674748951866));
#2499=CARTESIAN_POINT('',(170.019403773126,-102.135226710583,7.99674748951866));
#2500=CARTESIAN_POINT('Origin',(170.019403773126,-88.0128631930876,7.99674748951866));
#2501=CARTESIAN_POINT('',(170.019403773126,-68.280921166726,7.49674748951866));
#2502=CARTESIAN_POINT('Origin',(144.120006821584,-41.0707351015522,14.75));
#2503=CARTESIAN_POINT('',(144.120006821584,-41.0707351015522,15.5));
#2504=CARTESIAN_POINT('',(144.120006821584,-41.7408286306457,15.0868600039588));
#2505=CARTESIAN_POINT('Origin',(118.330005620373,-50.2000023938716,7.99674748951866));
#2506=CARTESIAN_POINT('',(129.249997046561,-50.1999988734722,7.49674748951866));
#2507=CARTESIAN_POINT('',(118.330005620373,-50.2000023938716,7.49674748951866));
#2508=CARTESIAN_POINT('',(115.420005772034,-50.2000033320006,7.49674748951866));
#2509=CARTESIAN_POINT('',(129.249997046561,-50.1999988734722,7.99674748951866));
#2510=CARTESIAN_POINT('',(118.330005620373,-50.2000023938716,7.99674748951866));
#2511=CARTESIAN_POINT('Origin',(117.550005592825,-50.2000023938716,7.99674748951866));
#2512=CARTESIAN_POINT('',(117.550005592825,-50.2000023938716,7.49674748951866));
#2513=CARTESIAN_POINT('',(115.03000549213,-50.2000023938716,7.49674748951866));
#2514=CARTESIAN_POINT('',(117.550005592825,-50.2000023938716,7.99674748951866));
#2515=CARTESIAN_POINT('Origin',(117.550005592825,-62.7000009750467,7.99674748951866));
#2516=CARTESIAN_POINT('',(117.550005592825,-62.7000009750467,7.49674748951866));
#2517=CARTESIAN_POINT('',(117.550005592825,-55.6244900577055,7.49674748951866));
#2518=CARTESIAN_POINT('',(117.550005592825,-62.7000009750467,7.99674748951866));
#2519=CARTESIAN_POINT('Origin',(128.399997130036,-62.6999986030161,7.99674748951866));
#2520=CARTESIAN_POINT('',(128.399997130036,-62.6999986030161,7.49674748951866));
#2521=CARTESIAN_POINT('',(120.455002807588,-62.7000003399547,7.49674748951866));
#2522=CARTESIAN_POINT('',(128.399997130036,-62.6999986030161,7.99674748951866));
#2523=CARTESIAN_POINT('Origin',(130.049997097626,-62.6999986030161,7.99674748951866));
#2524=CARTESIAN_POINT('',(130.049997097626,-62.6999986030161,7.49674748951866));
#2525=CARTESIAN_POINT('',(121.280001244531,-62.6999986030161,7.49674748951866));
#2526=CARTESIAN_POINT('',(130.049997097626,-62.6999986030161,7.99674748951866));
#2527=CARTESIAN_POINT('Origin',(130.049997097626,-50.1999988734722,7.99674748951866));
#2528=CARTESIAN_POINT('',(130.049997097626,-50.1999988734722,7.49674748951866));
#2529=CARTESIAN_POINT('',(130.049997097626,-49.3744890069183,7.49674748951866));
#2530=CARTESIAN_POINT('',(130.049997097626,-50.1999988734722,7.99674748951866));
#2531=CARTESIAN_POINT('Origin',(129.249997046561,-50.1999988734722,7.99674748951866));
#2532=CARTESIAN_POINT('',(120.880001218998,-50.1999988734723,7.49674748951866));
#2533=CARTESIAN_POINT('Origin',(112.510005391436,-48.5489791403644,7.49674748951866));
#2534=CARTESIAN_POINT('',(113.510005391436,-48.5489791403644,7.49674748951866));
#2535=CARTESIAN_POINT('',(113.510005391436,-105.290005001007,7.49674748951866));
#2536=CARTESIAN_POINT('',(113.510005391436,-76.9194920706855,7.49674748951866));
#2537=CARTESIAN_POINT('',(173.730008251732,-48.5489791403644,7.49674748951866));
#2538=CARTESIAN_POINT('',(174.730008251732,-48.5489791403644,7.49674748951866));
#2539=CARTESIAN_POINT('',(173.730008251732,-105.290005001007,7.49674748951866));
#2540=CARTESIAN_POINT('',(173.730008251732,-36.2144901373018,7.49674748951866));
#2541=CARTESIAN_POINT('',(174.230008251732,-105.290005001007,7.49674748951866));
#2542=CARTESIAN_POINT('Origin',(174.730008251732,-48.5489791403644,7.49674748951866));
#2543=CARTESIAN_POINT('',(143.620006821584,-106.290005001007,7.49674748951866));
#2544=CARTESIAN_POINT('Origin',(112.510008251732,-41.7406551481351,14.9868298665757));
#2545=CARTESIAN_POINT('',(174.730008251732,-41.7406551481351,14.9868298665757));
#2546=CARTESIAN_POINT('',(174.730008251732,-41.7432891748199,15.0867951700735));
#2547=CARTESIAN_POINT('Origin',(174.730008251732,-41.7432891748199,15.0867951700736));
#2548=CARTESIAN_POINT('Origin',(125.60000596568,-40.063751902926,15.));
#2549=CARTESIAN_POINT('',(125.60000596568,-40.063751902926,15.));
#2550=CARTESIAN_POINT('',(125.60000596568,-30.210001434898,15.));
#2551=CARTESIAN_POINT('',(125.60000596568,-40.063751902926,15.));
#2552=CARTESIAN_POINT('',(125.60000596568,-30.210001434898,15.5));
#2553=CARTESIAN_POINT('',(125.60000596568,-30.210001434898,15.));
#2554=CARTESIAN_POINT('',(125.60000596568,-40.063751902926,15.5));
#2555=CARTESIAN_POINT('',(125.60000596568,-40.063751902926,15.5));
#2556=CARTESIAN_POINT('',(125.60000596568,-40.063751902926,15.));
#2557=CARTESIAN_POINT('Origin',(157.611257486133,-40.063751902926,15.));
#2558=CARTESIAN_POINT('',(157.611257486133,-40.063751902926,15.));
#2559=CARTESIAN_POINT('',(157.611257486133,-40.063751902926,15.));
#2560=CARTESIAN_POINT('',(157.611257486133,-40.063751902926,15.5));
#2561=CARTESIAN_POINT('',(157.611257486133,-40.063751902926,15.5));
#2562=CARTESIAN_POINT('',(157.611257486133,-40.063751902926,15.));
#2563=CARTESIAN_POINT('Origin',(157.611257486133,-30.210001434898,15.));
#2564=CARTESIAN_POINT('',(157.611257486133,-30.210001434898,15.));
#2565=CARTESIAN_POINT('',(157.611257486133,-30.210001434898,15.));
#2566=CARTESIAN_POINT('',(157.611257486133,-30.210001434898,15.5));
#2567=CARTESIAN_POINT('',(157.611257486133,-30.210001434898,15.5));
#2568=CARTESIAN_POINT('',(157.611257486133,-30.210001434898,15.));
#2569=CARTESIAN_POINT('Origin',(125.60000596568,-30.210001434898,15.));
#2570=CARTESIAN_POINT('',(125.60000596568,-30.210001434898,15.));
#2571=CARTESIAN_POINT('',(125.60000596568,-30.210001434898,15.5));
#2572=CARTESIAN_POINT('Origin',(143.620006821584,-32.5604148824424,15.5));
#2573=CARTESIAN_POINT('Origin',(143.620006821584,-32.5604148824424,15.));
#2574=CARTESIAN_POINT('',(113.510005391436,-23.8800011342391,15.));
#2575=CARTESIAN_POINT('',(173.730008251732,-23.8800011342391,15.));
#2576=CARTESIAN_POINT('',(116.120005515404,-23.8800011342391,15.));
#2577=CARTESIAN_POINT('',(173.730008251732,-41.2408286306457,15.));
#2578=CARTESIAN_POINT('',(173.730008251732,-105.290005001007,15.));
#2579=CARTESIAN_POINT('',(113.510005391436,-41.2408286306457,15.));
#2580=CARTESIAN_POINT('',(174.730008251732,-41.2408286306457,15.));
#2581=CARTESIAN_POINT('',(113.510005391436,-24.0000003576279,15.));
#2582=CARTESIAN_POINT('Origin',(174.730008251732,-48.5489791403644,14.807434551929));
#2583=CARTESIAN_POINT('Origin',(173.730008251732,-48.5489791403644,14.807434551929));
#2584=CARTESIAN_POINT('Origin',(113.510005391436,-48.5489791403644,14.807434551929));
#2585=CARTESIAN_POINT('Origin',(174.730008251732,-48.5489791403644,14.807434551929));
#2586=CARTESIAN_POINT('Origin',(112.510005391436,-106.290005001007,0.));
#2587=CARTESIAN_POINT('Origin',(113.510005391436,-105.290005001007,0.));
#2588=CARTESIAN_POINT('',(113.510005391436,-105.290005001007,0.));
#2589=CARTESIAN_POINT('',(113.510005391436,-23.8800011342391,0.));
#2590=CARTESIAN_POINT('Origin',(173.730008251732,-105.290005001007,0.));
#2591=CARTESIAN_POINT('',(173.730008251732,-105.290005001007,0.));
#2592=CARTESIAN_POINT('Origin',(173.730008251732,-23.8800011342391,0.));
#2593=CARTESIAN_POINT('',(173.730008251732,-23.8800011342391,0.));
#2594=CARTESIAN_POINT('Origin',(113.510005391436,-23.8800011342391,0.));
#2595=CARTESIAN_POINT('Origin',(115.010005391436,-25.3800011342391,-2.5));
#2596=CARTESIAN_POINT('',(115.010005391436,-22.8800011342391,-3.));
#2597=CARTESIAN_POINT('',(112.510005391436,-25.3800011342391,-3.));
#2598=CARTESIAN_POINT('Origin',(115.010005391436,-25.3800011342391,-3.));
#2599=CARTESIAN_POINT('',(112.510005391436,-25.3800011342391,-2.5));
#2600=CARTESIAN_POINT('',(112.510005391436,-25.3800011342391,-2.5));
#2601=CARTESIAN_POINT('',(115.010005391436,-22.8800011342391,-2.5));
#2602=CARTESIAN_POINT('Origin',(115.010005391436,-25.3800011342391,-2.5));
#2603=CARTESIAN_POINT('',(115.010005391436,-22.8800011342391,-2.5));
#2604=CARTESIAN_POINT('Origin',(112.510005391436,-22.8800011342391,-2.5));
#2605=CARTESIAN_POINT('',(172.230008251732,-22.8800011342391,-2.5));
#2606=CARTESIAN_POINT('',(174.730008251732,-22.8800011342391,-2.5));
#2607=CARTESIAN_POINT('',(172.230008251732,-22.8800011342391,-3.));
#2608=CARTESIAN_POINT('',(172.230008251732,-22.8800011342391,-2.5));
#2609=CARTESIAN_POINT('',(174.730008251732,-22.8800011342391,-3.));
#2610=CARTESIAN_POINT('Origin',(143.620006821584,-64.5850030676229,-2.5));
#2611=CARTESIAN_POINT('',(112.510005391436,-103.790005001007,-2.5));
#2612=CARTESIAN_POINT('',(112.510005391436,-22.8800011342391,-2.5));
#2613=CARTESIAN_POINT('',(115.010005391436,-106.290005001007,-2.5));
#2614=CARTESIAN_POINT('Origin',(115.010005391436,-103.790005001007,-2.5));
#2615=CARTESIAN_POINT('',(172.230008251732,-106.290005001007,-2.5));
#2616=CARTESIAN_POINT('',(112.510005391436,-106.290005001007,-2.5));
#2617=CARTESIAN_POINT('',(174.730008251732,-103.790005001007,-2.5));
#2618=CARTESIAN_POINT('Origin',(172.230008251732,-103.790005001007,-2.5));
#2619=CARTESIAN_POINT('',(174.730008251732,-25.3800011342391,-2.5));
#2620=CARTESIAN_POINT('',(174.730008251732,-106.290005001007,-2.5));
#2621=CARTESIAN_POINT('Origin',(172.230008251732,-25.3800011342391,-2.5));
#2622=CARTESIAN_POINT('Origin',(172.230008251732,-25.3800011342391,-2.5));
#2623=CARTESIAN_POINT('',(174.730008251732,-25.3800011342391,-3.));
#2624=CARTESIAN_POINT('Origin',(172.230008251732,-25.3800011342391,-3.));
#2625=CARTESIAN_POINT('',(174.730008251732,-25.3800011342391,-2.5));
#2626=CARTESIAN_POINT('Origin',(174.730008251732,-22.8800011342391,-2.5));
#2627=CARTESIAN_POINT('',(174.730008251732,-103.790005001007,-3.));
#2628=CARTESIAN_POINT('',(174.730008251732,-103.790005001007,-2.5));
#2629=CARTESIAN_POINT('',(174.730008251732,-106.290005001007,-3.));
#2630=CARTESIAN_POINT('Origin',(172.230008251732,-103.790005001007,-2.5));
#2631=CARTESIAN_POINT('',(172.230008251732,-106.290005001007,-3.));
#2632=CARTESIAN_POINT('Origin',(172.230008251732,-103.790005001007,-3.));
#2633=CARTESIAN_POINT('',(172.230008251732,-106.290005001007,-2.5));
#2634=CARTESIAN_POINT('Origin',(174.730008251732,-106.290005001007,-2.5));
#2635=CARTESIAN_POINT('',(115.010005391436,-106.290005001007,-3.));
#2636=CARTESIAN_POINT('',(115.010005391436,-106.290005001007,-2.5));
#2637=CARTESIAN_POINT('',(112.510005391436,-106.290005001007,-3.));
#2638=CARTESIAN_POINT('Origin',(115.010005391436,-103.790005001007,-2.5));
#2639=CARTESIAN_POINT('',(112.510005391436,-103.790005001007,-3.));
#2640=CARTESIAN_POINT('Origin',(115.010005391436,-103.790005001007,-3.));
#2641=CARTESIAN_POINT('',(112.510005391436,-103.790005001007,-2.5));
#2642=CARTESIAN_POINT('Origin',(112.510005391436,-106.290005001007,-2.5));
#2643=CARTESIAN_POINT('',(112.510005391436,-22.8800011342391,-3.));
#2644=CARTESIAN_POINT('Origin',(143.620006821584,-64.5850030676229,-3.));
#2645=UNCERTAINTY_MEASURE_WITH_UNIT(LENGTH_MEASURE(0.01),#2649,
'DISTANCE_ACCURACY_VALUE',
'Maximum model space distance between geometric entities at asserted c
onnectivities');
#2646=UNCERTAINTY_MEASURE_WITH_UNIT(LENGTH_MEASURE(0.01),#2649,
'DISTANCE_ACCURACY_VALUE',
'Maximum model space distance between geometric entities at asserted c
onnectivities');
#2647=(
GEOMETRIC_REPRESENTATION_CONTEXT(3)
GLOBAL_UNCERTAINTY_ASSIGNED_CONTEXT((#2645))
GLOBAL_UNIT_ASSIGNED_CONTEXT((#2649,#2650,#2651))
REPRESENTATION_CONTEXT('','3D')
);
#2648=(
GEOMETRIC_REPRESENTATION_CONTEXT(3)
GLOBAL_UNCERTAINTY_ASSIGNED_CONTEXT((#2646))
GLOBAL_UNIT_ASSIGNED_CONTEXT((#2649,#2650,#2651))
REPRESENTATION_CONTEXT('','3D')
);
#2649=(
LENGTH_UNIT()
NAMED_UNIT(*)
SI_UNIT(.MILLI.,.METRE.)
);
#2650=(
NAMED_UNIT(*)
PLANE_ANGLE_UNIT()
SI_UNIT($,.RADIAN.)
);
#2651=(
NAMED_UNIT(*)
SI_UNIT($,.STERADIAN.)
SOLID_ANGLE_UNIT()
);
#2652=SHAPE_DEFINITION_REPRESENTATION(#2653,#2654);
#2653=PRODUCT_DEFINITION_SHAPE('',$,#2656);
#2654=SHAPE_REPRESENTATION('',(#1653),#2647);
#2655=PRODUCT_DEFINITION_CONTEXT('part definition',#2660,'design');
#2656=PRODUCT_DEFINITION('hackpad','hackpad v3',#2657,#2655);
#2657=PRODUCT_DEFINITION_FORMATION('',$,#2662);
#2658=PRODUCT_RELATED_PRODUCT_CATEGORY('hackpad v3','hackpad v3',(#2662));
#2659=APPLICATION_PROTOCOL_DEFINITION('international standard',
'automotive_design',2009,#2660);
#2660=APPLICATION_CONTEXT(
'Core Data for Automotive Mechanical Design Process');
#2661=PRODUCT_CONTEXT('part definition',#2660,'mechanical');
#2662=PRODUCT('hackpad','hackpad v3',$,(#2661));
#2663=PRESENTATION_STYLE_ASSIGNMENT((#2664));
#2664=SURFACE_STYLE_USAGE(.BOTH.,#2665);
#2665=SURFACE_SIDE_STYLE('',(#2666));
#2666=SURFACE_STYLE_FILL_AREA(#2667);
#2667=FILL_AREA_STYLE('Steel - Satin',(#2668));
#2668=FILL_AREA_STYLE_COLOUR('Steel - Satin',#2669);
#2669=COLOUR_RGB('Steel - Satin',0.627450980392157,0.627450980392157,0.627450980392157);
ENDSEC;
END-ISO-10303-21;
